Volume,Volume Weighted,Open Price,Close Price,Highest Price,Lowest Price,Timestamp,Number of Transaction,Stock Name
2857.0,511.2192,511.41,511.36,511.41,511.0,2024-03-18 08:00:00,65,SPY
1772.0,511.2107,511.31,511.22,511.31,511.16,2024-03-18 08:05:00,36,SPY
504.0,511.2886,511.3,511.28,511.3,511.28,2024-03-18 08:10:00,3,SPY
203.0,511.2706,511.27,511.27,511.27,511.27,2024-03-18 08:15:00,3,SPY
106.0,511.1701,511.17,511.17,511.17,511.17,2024-03-18 08:20:00,3,SPY
869.0,510.928,510.76,510.99,510.99,510.76,2024-03-18 08:30:00,13,SPY
351.0,511.0501,511.05,511.05,511.05,511.05,2024-03-18 08:40:00,5,SPY
421.0,511.217,511.16,511.29,511.29,511.16,2024-03-18 08:45:00,10,SPY
1592.0,511.4191,511.38,511.56,511.56,511.32,2024-03-18 08:50:00,14,SPY
829.0,511.6495,511.57,511.7,511.7,511.57,2024-03-18 08:55:00,12,SPY
1421.0,511.8116,511.81,511.8,511.89,511.8,2024-03-18 09:00:00,12,SPY
1002.0,511.7382,511.82,511.72,511.82,511.72,2024-03-18 09:05:00,5,SPY
501.0,511.658,511.63,511.7,511.7,511.63,2024-03-18 09:10:00,3,SPY
1064.0,511.3504,511.35,511.37,511.37,511.35,2024-03-18 09:20:00,7,SPY
109.0,511.5454,511.55,511.55,511.55,511.55,2024-03-18 09:25:00,4,SPY
203.0,511.461,511.46,511.46,511.46,511.46,2024-03-18 09:30:00,3,SPY
722.0,511.6694,511.63,511.7,511.73,511.63,2024-03-18 09:40:00,11,SPY
748.0,511.6082,511.68,511.58,511.68,511.58,2024-03-18 09:45:00,25,SPY
1275.0,511.5843,511.56,511.6,511.6,511.56,2024-03-18 10:00:00,34,SPY
862.0,511.5248,511.57,511.51,511.57,511.51,2024-03-18 10:05:00,7,SPY
449.0,511.5423,511.45,511.6,511.6,511.45,2024-03-18 10:10:00,8,SPY
102.0,511.65,511.65,511.65,511.65,511.65,2024-03-18 10:15:00,3,SPY
468.0,511.6075,511.62,511.61,511.62,511.6,2024-03-18 10:20:00,6,SPY
1370.0,511.6315,511.6,511.62,511.66,511.6,2024-03-18 10:25:00,8,SPY
1077.0,511.7182,511.75,511.64,511.75,511.64,2024-03-18 10:30:00,10,SPY
2781.0,511.6572,511.65,511.62,511.68,511.62,2024-03-18 10:35:00,16,SPY
1925.0,511.8457,511.74,511.87,511.91,511.74,2024-03-18 10:40:00,14,SPY
211.0,511.8958,511.9,511.9,511.9,511.9,2024-03-18 10:45:00,3,SPY
1301.0,511.8177,511.81,511.85,511.85,511.8,2024-03-18 10:50:00,7,SPY
520.0,511.7473,511.73,511.77,511.77,511.73,2024-03-18 10:55:00,3,SPY
32137.0,511.6468,511.77,511.77,511.8,511.47,2024-03-18 11:00:00,202,SPY
9947.0,511.8641,511.771,511.92,511.92,511.771,2024-03-18 11:05:00,73,SPY
13651.0,512.0203,511.9,512.15,512.15,511.9,2024-03-18 11:10:00,126,SPY
33427.0,512.1936,512.19,512.25,512.34,512.15,2024-03-18 11:15:00,139,SPY
19648.0,512.5527,512.29,512.57,512.63,512.29,2024-03-18 11:20:00,136,SPY
30728.0,512.7864,512.63,512.87,512.91,512.62,2024-03-18 11:25:00,187,SPY
45236.0,513.1387,512.87,513.17,513.24,512.87,2024-03-18 11:30:00,261,SPY
34191.0,513.0344,513.14,513.011,513.19,513.0,2024-03-18 11:35:00,180,SPY
6930.0,513.1415,513.02,513.26,513.26,513.02,2024-03-18 11:40:00,76,SPY
18547.0,513.3946,513.32,513.37,513.52,513.32,2024-03-18 11:45:00,113,SPY
18662.0,513.3437,513.4,513.31,513.54,513.23,2024-03-18 11:50:00,92,SPY
4618.0,513.3195,513.26,513.34,513.36,513.251,2024-03-18 11:55:00,42,SPY
89940.0,513.1899,512.07,511.1,513.91,510.92,2024-03-18 12:00:00,1224,SPY
33636.0,513.6887,513.7899,513.85,513.93,510.9,2024-03-18 12:05:00,319,SPY
53148.0,513.8983,513.81,513.9,513.99,513.791,2024-03-18 12:10:00,291,SPY
18996.0,513.8135,513.94,513.75,513.94,513.75,2024-03-18 12:15:00,158,SPY
30382.0,513.644,513.71,513.699,513.75,513.58,2024-03-18 12:20:00,251,SPY
22922.0,513.6895,513.67,513.81,513.81,513.59,2024-03-18 12:25:00,241,SPY
94212.0,511.6558,513.82,513.47,513.82,509.83,2024-03-18 12:30:00,367,SPY
22914.0,513.4963,513.45,513.59,513.6,513.42,2024-03-18 12:35:00,325,SPY
8937.0,513.4565,513.52,513.47,513.52,513.43,2024-03-18 12:40:00,193,SPY
53352.0,513.4651,513.46,513.41,513.52,513.41,2024-03-18 12:45:00,394,SPY
27249.0,513.4477,513.45,513.4,513.53,513.38,2024-03-18 12:50:00,294,SPY
19765.0,513.4645,513.44,513.49,513.52,513.44,2024-03-18 12:55:00,258,SPY
39717.0,513.5795,513.52,513.57,513.66,513.52,2024-03-18 13:00:00,308,SPY
57825.0,513.5411,513.55,513.59,513.61,513.49,2024-03-18 13:05:00,228,SPY
7746.0,513.6786,513.59,513.69,513.74,513.59,2024-03-18 13:10:00,158,SPY
23093.0,513.7971,513.69,513.65,513.84,513.65,2024-03-18 13:15:00,307,SPY
11279.0,513.639,513.68,513.65,513.7,513.57,2024-03-18 13:20:00,214,SPY
148152.0,513.7856,513.7,513.98,514.09,513.61,2024-03-18 13:25:00,789,SPY
2515132.0,514.3814,514.0,514.71,514.7301,513.26,2024-03-18 13:30:00,23254,SPY
1710218.0,514.6042,514.72,514.27,514.83,514.26,2024-03-18 13:35:00,15838,SPY
1342788.0,514.5644,514.27,514.38,514.8171,514.26,2024-03-18 13:40:00,12682,SPY
1126018.0,514.3731,514.385,514.19,514.7,514.05,2024-03-18 13:45:00,11870,SPY
814090.0,514.1607,514.19,514.12,514.34,513.98,2024-03-18 13:50:00,8776,SPY
810771.0,513.9716,514.12,513.835,514.22,513.75,2024-03-18 13:55:00,8690,SPY
745573.0,514.0219,513.84,514.18,514.215,513.81,2024-03-18 14:00:00,8238,SPY
878539.0,514.3905,514.17,514.63,514.69,513.95,2024-03-18 14:05:00,9545,SPY
998150.0,514.8054,514.64,514.6601,515.0,514.61,2024-03-18 14:10:00,11776,SPY
897138.0,513.3293,514.67,514.88,515.03,514.64,2024-03-18 14:15:00,14706,SPY
628557.0,514.9774,514.89,515.24,515.245,514.81,2024-03-18 14:20:00,13718,SPY
962414.0,515.3242,515.25,515.18,515.48,515.07,2024-03-18 14:25:00,13646,SPY
862575.0,513.4557,515.18,515.03,515.26,514.855,2024-03-18 14:30:00,7464,SPY
553257.0,515.074,515.02,515.1,515.23,514.9033,2024-03-18 14:35:00,6169,SPY
537082.0,515.0857,515.105,514.945,515.25,514.89,2024-03-18 14:40:00,6073,SPY
524950.0,514.966,514.955,515.13,515.21,514.77,2024-03-18 14:45:00,6003,SPY
381725.0,515.0475,515.135,515.055,515.16,514.94,2024-03-18 14:50:00,4491,SPY
745695.0,513.179,515.045,515.14,515.14,514.88,2024-03-18 14:55:00,5282,SPY
690253.0,514.9312,515.14,514.92,515.225,514.785,2024-03-18 15:00:00,6034,SPY
386309.0,514.862,514.92,514.95,515.015,514.7,2024-03-18 15:05:00,4713,SPY
589172.0,514.649,514.95,514.625,514.96,514.495,2024-03-18 15:10:00,5852,SPY
642537.0,514.4489,514.63,514.49,514.6323,514.255,2024-03-18 15:15:00,6549,SPY
410299.0,514.5889,514.5,514.63,514.71,514.4,2024-03-18 15:20:00,5043,SPY
439377.0,514.5848,514.63,514.68,514.72,514.46,2024-03-18 15:25:00,4738,SPY
537303.0,514.3173,514.69,514.16,514.705,514.039,2024-03-18 15:30:00,6085,SPY
886073.0,514.3816,514.18,514.44,514.53,514.065,2024-03-18 15:35:00,4306,SPY
389465.0,514.424,514.43,514.49,514.56,514.31,2024-03-18 15:40:00,3377,SPY
322900.0,514.3996,514.5,514.3,514.56,514.175,2024-03-18 15:45:00,3807,SPY
404897.0,514.1154,514.31,514.065,514.36,513.905,2024-03-18 15:50:00,4692,SPY
458304.0,514.1642,514.06,514.225,514.32,513.965,2024-03-18 15:55:00,4796,SPY
453438.0,514.0003,514.22,513.9011,514.25,513.8,2024-03-18 16:00:00,4623,SPY
446209.0,514.0487,513.9001,514.11,514.215,513.84,2024-03-18 16:05:00,4639,SPY
365653.0,514.3063,514.13,514.475,514.515,514.0926,2024-03-18 16:10:00,4022,SPY
344675.0,514.3252,514.47,514.36,514.49,514.205,2024-03-18 16:15:00,3929,SPY
280044.0,514.3051,514.37,514.225,514.42,514.19,2024-03-18 16:20:00,3326,SPY
678971.0,512.4745,514.2205,514.17,514.31,514.04,2024-03-18 16:25:00,4048,SPY
348847.0,514.0642,514.18,514.0493,514.23,513.9701,2024-03-18 16:30:00,3737,SPY
266003.0,514.0548,514.04,514.04,514.15,513.94,2024-03-18 16:35:00,3089,SPY
433541.0,514.1656,514.035,514.2498,514.29,513.92,2024-03-18 16:40:00,4321,SPY
254705.0,514.1408,514.24,513.94,514.2599,513.935,2024-03-18 16:45:00,3087,SPY
570383.0,513.6953,513.96,513.69,514.0,513.53,2024-03-18 16:50:00,6179,SPY
448877.0,513.5812,513.68,513.5134,513.69,513.47,2024-03-18 16:55:00,4419,SPY
675165.0,513.5337,513.52,513.47,513.74,513.41,2024-03-18 17:00:00,5826,SPY
343384.0,513.6569,513.48,513.71,513.84,513.41,2024-03-18 17:05:00,4071,SPY
346829.0,513.6309,513.7,513.69,513.76,513.54,2024-03-18 17:10:00,3671,SPY
301044.0,513.6197,513.7,513.69,513.71,513.515,2024-03-18 17:15:00,3473,SPY
497044.0,513.9139,513.69,514.025,514.05,513.6899,2024-03-18 17:20:00,4953,SPY
311063.0,514.0608,514.02,514.2,514.215,513.93,2024-03-18 17:25:00,3397,SPY
360543.0,514.0675,514.21,513.9001,514.25,513.83,2024-03-18 17:30:00,4804,SPY
487324.0,513.6141,513.89,513.47,513.928,513.41,2024-03-18 17:35:00,5404,SPY
1015791.0,513.4044,513.47,513.48,513.53,513.2901,2024-03-18 17:40:00,5415,SPY
360920.0,513.5099,513.475,513.67,513.67,513.3725,2024-03-18 17:45:00,3842,SPY
308529.0,513.5974,513.67,513.53,513.76,513.42,2024-03-18 17:50:00,3453,SPY
385629.0,513.6643,513.54,513.8,513.8405,513.445,2024-03-18 17:55:00,3984,SPY
885394.0,513.7309,513.81,513.85,513.93,513.65,2024-03-18 18:00:00,5097,SPY
748228.0,513.7607,513.85,513.92,513.99,513.65,2024-03-18 18:05:00,6261,SPY
509594.0,513.9984,513.93,513.845,514.14,513.8069,2024-03-18 18:10:00,5454,SPY
364340.0,512.8954,513.84,514.05,514.08,513.81,2024-03-18 18:15:00,3273,SPY
342449.0,513.9435,514.0503,514.0,514.09,513.8,2024-03-18 18:20:00,3492,SPY
509326.0,514.2322,514.0,514.3402,514.38,513.96,2024-03-18 18:25:00,5241,SPY
364244.0,514.2287,514.345,514.255,514.36,514.16,2024-03-18 18:30:00,4000,SPY
401496.0,514.2527,514.24,514.201,514.4,514.12,2024-03-18 18:35:00,3950,SPY
806525.0,513.6546,514.2,513.53,514.2,513.21,2024-03-18 18:40:00,8194,SPY
585750.0,513.5395,513.53,513.7312,513.7323,513.34,2024-03-18 18:45:00,5539,SPY
292024.0,513.6829,513.73,513.705,513.8,513.594,2024-03-18 18:50:00,3754,SPY
402208.0,513.6823,513.7,513.79,513.86,513.55,2024-03-18 18:55:00,4219,SPY
289370.0,513.7369,513.79,513.775,513.839,513.6226,2024-03-18 19:00:00,3642,SPY
490751.0,513.8943,513.77,514.04,514.14,513.61,2024-03-18 19:05:00,4955,SPY
492179.0,514.0389,514.03,513.995,514.145,513.91,2024-03-18 19:10:00,4166,SPY
648535.0,512.3185,513.99,514.09,514.13,513.97,2024-03-18 19:15:00,3618,SPY
484308.0,514.0152,514.09,513.911,514.14,513.86,2024-03-18 19:20:00,4822,SPY
508806.0,513.8829,513.91,513.855,514.0,513.74,2024-03-18 19:25:00,5248,SPY
1351876.0,513.1882,513.86,514.055,514.12,513.8001,2024-03-18 19:30:00,8669,SPY
1309316.0,513.1028,514.055,513.7,514.08,513.68,2024-03-18 19:35:00,9655,SPY
626786.0,513.7317,513.695,513.78,513.81,513.5999,2024-03-18 19:40:00,7102,SPY
1281159.0,513.748,513.78,513.68,513.89,513.64,2024-03-18 19:45:00,10560,SPY
6388797.0,512.5538,513.67,512.7885,514.8171,512.73,2024-03-18 19:50:00,35859,SPY
10364121.0,511.9871,512.79,512.87,513.08,512.44,2024-03-18 19:55:00,42817,SPY
2883627.0,511.985,512.86,512.69,513.02,512.58,2024-03-18 20:00:00,2264,SPY
5448406.0,512.7224,512.7,513.04,513.07,512.7,2024-03-18 20:05:00,1293,SPY
6356484.0,512.7626,513.03,513.04,513.12,512.92,2024-03-18 20:10:00,675,SPY
4571938.0,512.8854,513.01,512.83,513.01,512.64,2024-03-18 20:15:00,1042,SPY
288158.0,512.7984,512.83,512.75,512.8399,512.59,2024-03-18 20:20:00,748,SPY
394411.0,510.7936,512.73,512.95,513.15,512.73,2024-03-18 20:25:00,667,SPY
987501.0,512.0374,512.98,512.99,513.11,512.83,2024-03-18 20:30:00,296,SPY
32312.0,512.9355,513.03,512.88,513.06,512.86,2024-03-18 20:35:00,202,SPY
7145.0,512.9265,512.89,512.93,513.0,512.85,2024-03-18 20:40:00,100,SPY
22302.0,512.9503,512.9,512.96,512.98,512.9,2024-03-18 20:45:00,140,SPY
55720.0,512.8672,512.94,512.91,512.95,512.85,2024-03-18 20:50:00,74,SPY
308959.0,512.8606,512.83,512.9,512.9,512.8201,2024-03-18 20:55:00,68,SPY
13433.0,512.9786,512.98,512.93,513.02,512.87,2024-03-18 21:00:00,123,SPY
8464.0,512.8027,512.85,512.8,512.86,512.7,2024-03-18 21:05:00,73,SPY
11134.0,512.7195,512.72,512.72,512.78,512.66,2024-03-18 21:10:00,92,SPY
14682.0,512.7513,512.64,512.83,512.83,512.61,2024-03-18 21:15:00,148,SPY
12164.0,512.2581,512.83,512.95,512.95,512.82,2024-03-18 21:20:00,135,SPY
5483.0,512.9678,512.96,512.95,513.05,512.95,2024-03-18 21:25:00,86,SPY
4857.0,512.9675,512.98,512.95,512.98,512.95,2024-03-18 21:30:00,81,SPY
4649.0,512.9315,512.95,512.87,512.97,512.87,2024-03-18 21:35:00,75,SPY
4587.0,512.9276,512.94,512.93,512.94,512.87,2024-03-18 21:40:00,50,SPY
1738.0,512.9144,512.92,512.89,512.92,512.89,2024-03-18 21:45:00,45,SPY
7793.0,512.7098,512.9,512.4,512.9,512.4,2024-03-18 21:50:00,88,SPY
11968.0,512.7781,512.7704,512.8,512.9,512.62,2024-03-18 21:55:00,97,SPY
41355.0,512.8848,512.9,512.88,513.04,512.57,2024-03-18 22:00:00,293,SPY
12572.0,512.8513,512.86,512.86,512.9,512.8,2024-03-18 22:05:00,66,SPY
5654.0,512.8825,512.82,512.88,512.93,512.8011,2024-03-18 22:10:00,64,SPY
4883.0,512.8105,512.8,512.86,512.88,512.8,2024-03-18 22:15:00,52,SPY
4454.0,512.8485,512.8604,512.91,512.91,512.811,2024-03-18 22:20:00,46,SPY
2449.0,512.94,512.87,512.85,512.97,512.85,2024-03-18 22:25:00,36,SPY
2342.0,512.8114,512.85,512.69,512.85,512.69,2024-03-18 22:30:00,37,SPY
1328.0,512.6841,512.66,512.72,512.72,512.641,2024-03-18 22:35:00,34,SPY
53817.0,512.7997,512.67,512.55,512.86,512.55,2024-03-18 22:40:00,64,SPY
63069.0,512.7159,512.52,512.25,512.86,512.25,2024-03-18 22:45:00,114,SPY
2801.0,512.2639,512.24,512.34,512.34,512.24,2024-03-18 22:50:00,41,SPY
2271.0,512.3037,512.29,512.3,512.34,512.29,2024-03-18 22:55:00,25,SPY
6166.0,512.1526,512.26,512.15,512.26,512.1,2024-03-18 23:00:00,54,SPY
3402.0,512.2051,512.22,512.23,512.24,512.19,2024-03-18 23:05:00,39,SPY
974.0,512.4401,512.29,512.5,512.5,512.29,2024-03-18 23:10:00,31,SPY
5808.0,512.4167,512.42,512.41,512.45,512.39,2024-03-18 23:15:00,46,SPY
4457.0,512.4686,512.42,512.45,512.5099,512.41,2024-03-18 23:20:00,66,SPY
2529.0,512.4448,512.45,512.41,512.46,512.38,2024-03-18 23:25:00,34,SPY
1800.0,512.4162,512.4207,512.4,512.43,512.4,2024-03-18 23:30:00,24,SPY
1035.0,512.4597,512.4599,512.4599,512.4599,512.4599,2024-03-18 23:35:00,12,SPY
11484.0,512.4339,512.44,512.41,512.45,512.4,2024-03-18 23:40:00,42,SPY
930.0,512.3901,512.37,512.41,512.41,512.37,2024-03-18 23:45:00,17,SPY
9363.0,512.3836,512.4,512.45,512.45,512.36,2024-03-18 23:50:00,94,SPY
7817.0,512.4379,512.45,512.47,512.47,512.4,2024-03-18 23:55:00,81,SPY
2902.0,512.4188,512.45,512.52,512.53,512.33,2024-03-19 08:00:00,71,SPY
5958.0,512.2131,512.57,512.14,512.57,512.11,2024-03-19 08:05:00,61,SPY
894.0,512.2221,512.2,512.12,512.31,512.12,2024-03-19 08:10:00,11,SPY
171.0,512.126,512.18,512.18,512.18,512.18,2024-03-19 08:15:00,2,SPY
501.0,512.3015,512.11,512.43,512.43,512.11,2024-03-19 08:20:00,3,SPY
1135.0,512.4553,512.44,512.5,512.5,512.4,2024-03-19 08:25:00,9,SPY
1617.0,512.4976,512.57,512.54,512.57,512.46,2024-03-19 08:30:00,16,SPY
260.0,512.5859,512.58,512.59,512.59,512.58,2024-03-19 08:35:00,8,SPY
3873.0,512.8739,512.73,513.03,513.04,512.73,2024-03-19 08:40:00,26,SPY
1123.0,513.0665,513.11,512.98,513.12,512.98,2024-03-19 08:45:00,10,SPY
2865.0,513.3509,513.21,513.45,513.45,513.21,2024-03-19 08:50:00,21,SPY
5010.0,513.1852,513.39,512.85,513.39,512.85,2024-03-19 08:55:00,48,SPY
2359.0,512.9929,512.95,513.06,513.06,512.92,2024-03-19 09:00:00,16,SPY
4430.0,512.5111,512.75,512.54,512.75,512.4,2024-03-19 09:05:00,36,SPY
957.0,512.4554,512.45,512.46,512.46,512.45,2024-03-19 09:10:00,12,SPY
760.0,512.4758,512.58,512.44,512.58,512.44,2024-03-19 09:15:00,9,SPY
1800.0,512.4456,512.42,512.47,512.47,512.42,2024-03-19 09:25:00,4,SPY
636.0,512.4896,512.49,512.49,512.49,512.49,2024-03-19 09:30:00,6,SPY
6871.0,512.2161,512.22,512.25,512.27,512.2,2024-03-19 09:35:00,21,SPY
193.0,512.1598,512.15,512.15,512.15,512.15,2024-03-19 09:40:00,7,SPY
2203.0,512.0331,512.15,512.0,512.15,511.97,2024-03-19 09:45:00,56,SPY
305.0,511.95,511.95,511.95,511.95,511.95,2024-03-19 09:50:00,3,SPY
111.0,511.8782,511.88,511.88,511.88,511.88,2024-03-19 09:55:00,3,SPY
401.0,512.0676,512.09,512.06,512.09,512.06,2024-03-19 10:00:00,3,SPY
3145.0,512.1938,512.07,512.11,512.28,512.07,2024-03-19 10:05:00,23,SPY
902.0,512.2011,512.17,512.27,512.27,512.17,2024-03-19 10:15:00,7,SPY
7752.0,512.1227,512.17,512.19,512.19,512.1,2024-03-19 10:20:00,38,SPY
301.0,512.1599,512.16,512.16,512.16,512.16,2024-03-19 10:25:00,5,SPY
2040.0,512.2649,512.2,512.18,512.33,512.18,2024-03-19 10:35:00,24,SPY
25058.0,512.22,512.22,512.22,512.22,512.22,2024-03-19 10:45:00,26,SPY
2312.0,511.8935,512.25,511.72,512.25,511.71,2024-03-19 10:50:00,48,SPY
114787.0,511.8884,511.82,511.95,511.95,511.79,2024-03-19 10:55:00,250,SPY
34605.0,511.5541,511.86,511.23,511.86,511.2,2024-03-19 11:00:00,240,SPY
20138.0,511.3399,511.23,511.43,511.43,511.18,2024-03-19 11:05:00,107,SPY
12258.0,511.2155,511.36,511.27,511.36,511.12,2024-03-19 11:10:00,99,SPY
5256.0,511.0805,511.22,511.11,511.22,511.01,2024-03-19 11:15:00,65,SPY
11679.0,511.0398,511.09,511.0,511.1,510.93,2024-03-19 11:20:00,138,SPY
16115.0,511.0141,510.98,511.05,511.1,510.98,2024-03-19 11:25:00,88,SPY
10687.0,510.9136,511.03,510.79,511.03,510.67,2024-03-19 11:30:00,110,SPY
17641.0,510.7029,510.8,510.75,510.82,510.61,2024-03-19 11:35:00,125,SPY
7585.0,510.6568,510.72,510.58,510.73,510.56,2024-03-19 11:40:00,87,SPY
2160.0,510.6922,510.62,510.76,510.76,510.62,2024-03-19 11:45:00,31,SPY
14553.0,510.7986,510.9,510.77,510.91,510.71,2024-03-19 11:50:00,83,SPY
8122.0,510.9478,510.8,510.96,510.99,510.8,2024-03-19 11:55:00,59,SPY
39941.0,511.205,510.96,510.85,513.4604,510.59,2024-03-19 12:00:00,890,SPY
26579.0,510.8194,512.49,510.48,512.78,510.42,2024-03-19 12:05:00,344,SPY
12064.0,510.5947,510.51,510.67,510.68,510.48,2024-03-19 12:10:00,169,SPY
9339.0,510.7447,510.59,510.79,510.87,510.59,2024-03-19 12:15:00,102,SPY
9374.0,510.5892,510.8,510.48,510.83,510.47,2024-03-19 12:20:00,194,SPY
41384.0,510.3578,510.46,510.34,510.46,510.29,2024-03-19 12:25:00,427,SPY
28530.0,510.7093,510.45,510.9,511.0,510.35,2024-03-19 12:30:00,392,SPY
25623.0,510.963,510.9,511.1,511.1,510.9,2024-03-19 12:35:00,287,SPY
9628.0,510.954,511.13,510.87,511.13,510.85,2024-03-19 12:40:00,204,SPY
15811.0,511.1251,510.96,511.24,511.24,510.96,2024-03-19 12:45:00,295,SPY
28812.0,511.2193,511.24,511.25,511.31,511.1,2024-03-19 12:50:00,278,SPY
21931.0,511.3774,511.2,511.44,511.49,511.16,2024-03-19 12:55:00,272,SPY
21796.0,511.5143,511.45,511.52,511.6,511.35,2024-03-19 13:00:00,256,SPY
21839.0,511.3894,511.5,511.29,511.51,511.26,2024-03-19 13:05:00,207,SPY
4348.0,511.3643,511.24,511.52,511.52,511.24,2024-03-19 13:10:00,115,SPY
33162.0,511.6808,511.51,511.67,511.76,511.49,2024-03-19 13:15:00,291,SPY
25175.0,511.845,511.65,511.86,511.96,511.64,2024-03-19 13:20:00,275,SPY
30791.0,512.012,511.83,512.15,512.2,511.79,2024-03-19 13:25:00,304,SPY
1377493.0,511.7868,512.15,511.77,512.16,511.32,2024-03-19 13:30:00,13836,SPY
813908.0,511.5126,511.77,511.37,511.779,511.27,2024-03-19 13:35:00,8536,SPY
853513.0,511.3036,511.36,511.37,511.539,511.12,2024-03-19 13:40:00,8716,SPY
576255.0,511.443,511.38,511.5012,511.64,511.26,2024-03-19 13:45:00,5965,SPY
711633.0,511.5918,511.49,511.52,511.795,511.2601,2024-03-19 13:50:00,7063,SPY
635816.0,511.6786,511.51,511.6899,511.9003,511.3901,2024-03-19 13:55:00,6113,SPY
492718.0,511.8417,511.68,511.85,512.03,511.59,2024-03-19 14:00:00,5927,SPY
534707.0,511.9052,511.87,511.7801,512.09,511.7,2024-03-19 14:05:00,7835,SPY
499186.0,511.7613,511.79,511.7802,511.965,511.56,2024-03-19 14:10:00,12579,SPY
563532.0,511.5627,511.79,511.375,511.81,511.32,2024-03-19 14:15:00,12949,SPY
630103.0,511.4069,511.36,511.5301,511.555,511.22,2024-03-19 14:20:00,7716,SPY
675271.0,511.6868,511.555,511.4591,511.93,511.305,2024-03-19 14:25:00,7076,SPY
450392.0,511.6196,511.45,511.77,511.855,511.3479,2024-03-19 14:30:00,5265,SPY
875317.0,511.9229,511.77,512.15,512.21,511.69,2024-03-19 14:35:00,7715,SPY
777878.0,512.2737,512.15,512.31,512.4221,512.09,2024-03-19 14:40:00,7273,SPY
506141.0,512.3459,512.31,512.46,512.47,512.19,2024-03-19 14:45:00,5137,SPY
464628.0,512.3616,512.44,512.3887,512.5,512.24,2024-03-19 14:50:00,5044,SPY
526609.0,512.4226,512.41,512.23,512.61,512.21,2024-03-19 14:55:00,5686,SPY
389625.0,512.2783,512.24,512.46,512.48,512.16,2024-03-19 15:00:00,4131,SPY
484185.0,512.5406,512.47,512.52,512.66,512.361,2024-03-19 15:05:00,4761,SPY
202420.0,512.5126,512.51,512.5203,512.64,512.4,2024-03-19 15:10:00,2733,SPY
259920.0,512.5316,512.54,512.46,512.62,512.401,2024-03-19 15:15:00,3311,SPY
279833.0,512.3655,512.4597,512.325,512.5,512.24,2024-03-19 15:20:00,3711,SPY
344813.0,512.5778,512.33,512.675,512.77,512.26,2024-03-19 15:25:00,3981,SPY
819888.0,512.9929,512.68,513.09,513.24,512.68,2024-03-19 15:30:00,7465,SPY
660980.0,513.1695,513.09,513.07,513.43,513.03,2024-03-19 15:35:00,5661,SPY
387858.0,513.1034,513.0694,513.035,513.24,512.99,2024-03-19 15:40:00,4037,SPY
513073.0,512.9535,513.04,513.185,513.19,512.88,2024-03-19 15:45:00,3589,SPY
264974.0,513.05,513.1888,512.9251,513.2,512.895,2024-03-19 15:50:00,3107,SPY
235857.0,513.018,512.915,513.1802,513.2,512.87,2024-03-19 15:55:00,2939,SPY
608704.0,513.0419,513.18,513.22,513.26,513.045,2024-03-19 16:00:00,3483,SPY
539183.0,513.0843,513.22,513.145,513.425,513.12,2024-03-19 16:05:00,3442,SPY
303854.0,513.1096,513.14,513.08,513.24,513.005,2024-03-19 16:10:00,3362,SPY
497878.0,513.488,513.08,513.685,513.74,513.005,2024-03-19 16:15:00,5171,SPY
883298.0,513.607,513.69,514.11,514.11,513.685,2024-03-19 16:20:00,6182,SPY
731780.0,513.5614,514.105,513.9901,514.115,513.83,2024-03-19 16:25:00,4854,SPY
623381.0,514.2557,514.0,514.32,514.39,514.0,2024-03-19 16:30:00,5935,SPY
796968.0,513.9175,514.33,514.48,514.52,514.275,2024-03-19 16:35:00,5127,SPY
995439.0,514.2168,514.48,514.9633,514.98,514.37,2024-03-19 16:40:00,6413,SPY
916627.0,514.908,514.96,514.83,515.05,514.755,2024-03-19 16:45:00,8020,SPY
864927.0,514.3685,514.83,514.99,515.135,514.83,2024-03-19 16:50:00,5881,SPY
1556196.0,513.5264,514.98,514.6799,515.03,514.61,2024-03-19 16:55:00,5109,SPY
685266.0,515.0715,514.68,514.86,515.45,514.68,2024-03-19 17:00:00,7086,SPY
1095124.0,514.6665,514.86,514.5418,514.87,514.39,2024-03-19 17:05:00,6209,SPY
736244.0,514.0481,514.54,514.555,514.8263,514.54,2024-03-19 17:10:00,3017,SPY
353439.0,514.5173,514.555,514.565,514.69,514.36,2024-03-19 17:15:00,3926,SPY
265010.0,514.594,514.57,514.6401,514.7,514.47,2024-03-19 17:20:00,3196,SPY
305086.0,514.8087,514.66,514.85,514.92,514.59,2024-03-19 17:25:00,3251,SPY
596901.0,515.0185,514.86,514.98,515.19,514.86,2024-03-19 17:30:00,6542,SPY
391461.0,514.9416,514.99,515.055,515.1001,514.82,2024-03-19 17:35:00,4052,SPY
574482.0,514.0707,515.06,515.0801,515.16,514.92,2024-03-19 17:40:00,3640,SPY
628823.0,514.2061,515.08,515.085,515.27,515.0,2024-03-19 17:45:00,4511,SPY
365886.0,514.8915,515.09,514.8001,515.165,514.71,2024-03-19 17:50:00,4449,SPY
216300.0,514.9259,514.8,514.99,515.03,514.75,2024-03-19 17:55:00,3071,SPY
510367.0,514.7587,514.99,514.78,514.99,514.63,2024-03-19 18:00:00,4739,SPY
561543.0,514.7094,514.78,514.65,514.91,514.575,2024-03-19 18:05:00,4985,SPY
533707.0,514.698,514.6575,514.82,514.94,514.5,2024-03-19 18:10:00,5240,SPY
573021.0,515.0206,514.82,514.94,515.2,514.78,2024-03-19 18:15:00,5692,SPY
379966.0,514.911,514.93,514.86,515.07,514.715,2024-03-19 18:20:00,3505,SPY
380717.0,514.9086,514.86,515.0001,515.075,514.78,2024-03-19 18:25:00,3512,SPY
540717.0,515.162,515.01,515.13,515.34,515.0,2024-03-19 18:30:00,4930,SPY
275079.0,515.1776,515.12,515.18,515.2899,515.07,2024-03-19 18:35:00,3059,SPY
415062.0,515.2509,515.19,515.2301,515.35,515.135,2024-03-19 18:40:00,4139,SPY
196822.0,515.2416,515.23,515.275,515.315,515.15,2024-03-19 18:45:00,2538,SPY
640888.0,514.2869,515.28,515.005,515.3599,514.99,2024-03-19 18:50:00,3717,SPY
673063.0,514.8521,515.0089,514.9,515.07,514.59,2024-03-19 18:55:00,6887,SPY
274406.0,514.9577,514.885,514.86,515.07,514.82,2024-03-19 19:00:00,2983,SPY
537742.0,514.704,514.88,514.63,514.9,514.5799,2024-03-19 19:05:00,5261,SPY
513258.0,514.6328,514.6299,514.55,514.83,514.435,2024-03-19 19:10:00,5348,SPY
668247.0,514.4693,514.53,514.7001,514.76,514.23,2024-03-19 19:15:00,6473,SPY
763413.0,514.5689,514.7,514.505,514.79,514.42,2024-03-19 19:20:00,6016,SPY
701756.0,514.4627,514.495,514.53,514.6,514.33,2024-03-19 19:25:00,6132,SPY
1081803.0,514.6223,514.53,514.58,514.85,514.41,2024-03-19 19:30:00,9290,SPY
694250.0,514.7957,514.57,515.055,515.07,514.57,2024-03-19 19:35:00,6751,SPY
898654.0,515.0131,515.0503,515.035,515.1,514.84,2024-03-19 19:40:00,8769,SPY
1664933.0,515.3408,515.04,515.5,515.63,515.02,2024-03-19 19:45:00,14964,SPY
2430143.0,515.3342,515.49,515.84,515.87,515.29,2024-03-19 19:50:00,18830,SPY
4151595.0,515.2587,515.83,515.76,515.995,515.47,2024-03-19 19:55:00,24789,SPY
2013518.0,515.4253,515.77,515.9,515.94,515.6,2024-03-19 20:00:00,1575,SPY
634868.0,515.7224,515.86,515.7,515.86,515.62,2024-03-19 20:05:00,1238,SPY
1879569.0,515.7539,515.69,515.66,515.73,515.53,2024-03-19 20:10:00,758,SPY
388710.0,515.6791,515.57,515.59,515.71,515.43,2024-03-19 20:15:00,419,SPY
102815.0,515.5329,515.58,515.58,515.58,515.47,2024-03-19 20:20:00,383,SPY
276725.0,513.0832,515.58,515.59,515.65,515.57,2024-03-19 20:25:00,126,SPY
55684.0,515.6358,515.59,515.66,515.66,515.56,2024-03-19 20:30:00,196,SPY
10820.0,515.6561,515.66,515.69,515.69,515.63,2024-03-19 20:35:00,132,SPY
16031.0,515.7639,515.7,515.8,515.83,515.7,2024-03-19 20:40:00,203,SPY
9428.0,515.7087,515.8,515.68,515.8,515.68,2024-03-19 20:45:00,129,SPY
3109.0,515.6763,515.67,515.69,515.7,515.63,2024-03-19 20:50:00,85,SPY
44429.0,515.6956,515.66,515.56,515.67,515.56,2024-03-19 20:55:00,145,SPY
9876.0,515.455,515.52,515.41,515.52,515.41,2024-03-19 21:00:00,93,SPY
13615.0,515.4886,515.45,515.45,515.52,515.45,2024-03-19 21:05:00,61,SPY
2456.0,515.4878,515.51,515.47,515.53,515.45,2024-03-19 21:10:00,32,SPY
15750.0,515.4492,515.49,515.42,515.49,515.42,2024-03-19 21:20:00,83,SPY
153.0,515.4525,515.45,515.45,515.45,515.45,2024-03-19 21:25:00,5,SPY
13392.0,515.5388,515.52,515.55,515.55,515.52,2024-03-19 21:30:00,81,SPY
8644.0,515.6168,515.6,515.62,515.62,515.6,2024-03-19 21:35:00,47,SPY
121.0,515.5238,515.5126,515.5126,515.5126,515.5126,2024-03-19 21:40:00,12,SPY
1607.0,515.5685,515.52,515.6,515.6,515.52,2024-03-19 21:45:00,69,SPY
684.0,515.548,515.6,515.53,515.6,515.53,2024-03-19 21:50:00,17,SPY
577.0,515.53,515.53,515.53,515.53,515.53,2024-03-19 21:55:00,10,SPY
18915.0,515.5261,515.53,515.52,515.6,515.51,2024-03-19 22:00:00,117,SPY
2407.0,515.5224,515.53,515.48,515.54,515.48,2024-03-19 22:05:00,34,SPY
637.0,515.4976,515.49,515.5,515.5,515.49,2024-03-19 22:10:00,27,SPY
1616.0,515.4342,515.42,515.45,515.45,515.42,2024-03-19 22:15:00,37,SPY
3589.0,515.4671,515.45,515.49,515.49,515.45,2024-03-19 22:20:00,42,SPY
3722.0,515.5129,515.46,515.59,515.59,515.46,2024-03-19 22:25:00,63,SPY
154.0,515.4594,515.46,515.46,515.46,515.46,2024-03-19 22:30:00,10,SPY
1675.0,515.4661,515.46,515.4609,515.51,515.4593,2024-03-19 22:35:00,38,SPY
181.0,515.4863,515.48,515.48,515.48,515.48,2024-03-19 22:45:00,11,SPY
1153.0,515.5642,515.54,515.57,515.6,515.54,2024-03-19 22:55:00,38,SPY
417.0,515.5992,515.6,515.6,515.6,515.6,2024-03-19 23:00:00,13,SPY
1426.0,515.6021,515.62,515.56,515.62,515.56,2024-03-19 23:05:00,11,SPY
1032.0,515.5445,515.57,515.48,515.57,515.48,2024-03-19 23:10:00,42,SPY
239.0,515.5491,515.56,515.56,515.56,515.56,2024-03-19 23:15:00,12,SPY
267.0,515.5426,515.54,515.54,515.54,515.54,2024-03-19 23:20:00,4,SPY
2816.0,515.6009,515.57,515.63,515.63,515.57,2024-03-19 23:25:00,49,SPY
692.0,515.6289,515.63,515.63,515.63,515.63,2024-03-19 23:30:00,15,SPY
1737.0,515.5815,515.57,515.59,515.61,515.57,2024-03-19 23:35:00,29,SPY
202.0,515.5462,515.54,515.54,515.54,515.54,2024-03-19 23:40:00,13,SPY
142.0,515.5453,515.54,515.54,515.54,515.54,2024-03-19 23:45:00,15,SPY
318.0,515.5584,515.56,515.56,515.56,515.56,2024-03-19 23:50:00,7,SPY
2864.0,515.4785,515.52,515.45,515.52,515.45,2024-03-19 23:55:00,71,SPY
10544.0,515.4226,515.52,515.33,515.52,515.29,2024-03-20 08:00:00,78,SPY
332.0,515.4079,515.45,515.39,515.45,515.39,2024-03-20 08:05:00,7,SPY
278.0,515.3938,515.39,515.39,515.39,515.39,2024-03-20 08:10:00,4,SPY
1335.0,515.5501,515.53,515.61,515.61,515.53,2024-03-20 08:15:00,7,SPY
2670.0,515.3832,515.39,515.35,515.4,515.35,2024-03-20 08:20:00,10,SPY
1300.0,515.3623,515.38,515.38,515.38,515.33,2024-03-20 08:25:00,7,SPY
618.0,515.4249,515.42,515.43,515.43,515.42,2024-03-20 08:30:00,5,SPY
2810.0,515.3494,515.45,515.3,515.45,515.3,2024-03-20 08:35:00,16,SPY
4031.0,515.1537,515.2,515.18,515.2,515.1,2024-03-20 08:40:00,30,SPY
295.0,515.1846,515.22,515.12,515.22,515.12,2024-03-20 08:45:00,3,SPY
802.0,515.115,515.04,515.19,515.19,515.04,2024-03-20 08:50:00,7,SPY
2538.0,515.3255,515.3,515.3,515.4,515.3,2024-03-20 08:55:00,17,SPY
2609.0,515.2339,515.31,515.12,515.31,515.06,2024-03-20 09:00:00,22,SPY
370.0,515.259,515.26,515.26,515.26,515.26,2024-03-20 09:10:00,7,SPY
152.0,515.4,515.4,515.4,515.4,515.4,2024-03-20 09:15:00,3,SPY
810.0,515.4267,515.38,515.42,515.45,515.38,2024-03-20 09:25:00,8,SPY
451.0,515.4472,515.44,515.45,515.46,515.44,2024-03-20 09:40:00,12,SPY
1377.0,515.3153,515.33,515.3,515.33,515.3,2024-03-20 09:45:00,7,SPY
575.0,515.2969,515.35,515.32,515.35,515.22,2024-03-20 09:50:00,9,SPY
458.0,515.431,515.44,515.44,515.44,515.44,2024-03-20 09:55:00,9,SPY
545.0,515.4267,515.48,515.33,515.48,515.33,2024-03-20 10:00:00,10,SPY
177.0,515.45,515.45,515.45,515.45,515.45,2024-03-20 10:05:00,3,SPY
1451.0,515.5082,515.52,515.53,515.53,515.47,2024-03-20 10:10:00,50,SPY
1241.0,515.5128,515.5,515.54,515.54,515.49,2024-03-20 10:15:00,32,SPY
571.0,515.3846,515.35,515.35,515.35,515.35,2024-03-20 10:25:00,21,SPY
812.0,515.604,515.56,515.68,515.68,515.56,2024-03-20 10:30:00,8,SPY
500.0,515.676,515.7,515.66,515.7,515.66,2024-03-20 10:35:00,3,SPY
801.0,515.6538,515.69,515.64,515.69,515.64,2024-03-20 10:40:00,5,SPY
789.0,515.6122,515.63,515.57,515.63,515.57,2024-03-20 10:45:00,6,SPY
396.0,515.6058,515.62,515.59,515.62,515.59,2024-03-20 10:50:00,4,SPY
739.0,515.7092,515.62,515.73,515.74,515.62,2024-03-20 10:55:00,8,SPY
7302.0,515.7964,515.71,515.85,515.88,515.71,2024-03-20 11:00:00,65,SPY
7059.0,515.9058,515.85,515.95,515.97,515.84,2024-03-20 11:05:00,71,SPY
9359.0,516.0297,515.98,516.08,516.08,515.96,2024-03-20 11:10:00,96,SPY
1907.0,516.0855,516.05,516.12,516.12,516.05,2024-03-20 11:15:00,37,SPY
6836.0,516.0671,516.13,515.93,516.13,515.93,2024-03-20 11:20:00,50,SPY
14750.0,516.0337,515.95,516.14,516.14,515.95,2024-03-20 11:25:00,83,SPY
1668.0,516.0771,516.06,516.09,516.09,516.04,2024-03-20 11:30:00,21,SPY
8434.0,516.1968,516.1,516.21,516.25,516.06,2024-03-20 11:35:00,69,SPY
3750.0,516.2086,516.15,516.25,516.25,516.12,2024-03-20 11:40:00,27,SPY
2838.0,516.2323,516.22,516.25,516.25,516.22,2024-03-20 11:45:00,15,SPY
4060.0,516.2075,516.26,516.17,516.26,516.17,2024-03-20 11:50:00,47,SPY
5358.0,516.1508,516.18,516.16,516.18,516.12,2024-03-20 11:55:00,40,SPY
35574.0,515.9467,515.7109,516.09,516.28,515.17,2024-03-20 12:00:00,794,SPY
15170.0,515.9229,516.05,515.83,516.06,515.83,2024-03-20 12:05:00,144,SPY
8616.0,515.8046,515.88,515.73,515.9,515.71,2024-03-20 12:10:00,113,SPY
6886.0,515.6739,515.7,515.64,515.72,515.6,2024-03-20 12:15:00,99,SPY
8972.0,515.6175,515.63,515.67,515.7,515.54,2024-03-20 12:20:00,116,SPY
7886.0,515.7943,515.67,515.81,515.91,515.67,2024-03-20 12:25:00,88,SPY
1903.0,515.8553,515.81,515.91,515.91,515.81,2024-03-20 12:30:00,52,SPY
5909.0,515.7114,515.79,515.63,515.8,515.62,2024-03-20 12:35:00,79,SPY
22551.0,515.4277,515.64,515.41,515.64,515.25,2024-03-20 12:40:00,267,SPY
5663.0,515.3436,515.349,515.46,515.46,515.25,2024-03-20 12:45:00,127,SPY
9999.0,515.4693,515.48,515.48,515.519,515.41,2024-03-20 12:50:00,108,SPY
4848.0,515.4292,515.539,515.39,515.539,515.38,2024-03-20 12:55:00,89,SPY
6071.0,515.4236,515.45,515.41,515.47,515.37,2024-03-20 13:00:00,132,SPY
6476.0,515.4683,515.44,515.52,515.54,515.43,2024-03-20 13:05:00,90,SPY
6689.0,515.444,515.53,515.43,515.53,515.41,2024-03-20 13:10:00,134,SPY
7314.0,515.4819,515.43,515.58,515.58,515.43,2024-03-20 13:15:00,145,SPY
11528.0,515.5566,515.57,515.65,515.65,515.51,2024-03-20 13:20:00,198,SPY
49558.0,515.7733,515.6,515.77,515.88,515.6,2024-03-20 13:25:00,307,SPY
1015935.0,515.7338,515.77,515.51,515.99,515.48,2024-03-20 13:30:00,11330,SPY
968545.0,515.3728,515.51,515.385,515.53,515.22,2024-03-20 13:35:00,8498,SPY
615150.0,515.4342,515.38,515.32,515.62,515.21,2024-03-20 13:40:00,6477,SPY
400477.0,515.3087,515.32,515.33,515.41,515.225,2024-03-20 13:45:00,4663,SPY
427521.0,515.395,515.33,515.5,515.51,515.275,2024-03-20 13:50:00,4636,SPY
372718.0,515.5365,515.5023,515.43,515.64,515.43,2024-03-20 13:55:00,4433,SPY
461389.0,515.5257,515.43,515.625,515.71,515.3401,2024-03-20 14:00:00,5695,SPY
253473.0,515.6766,515.63,515.71,515.765,515.585,2024-03-20 14:05:00,4798,SPY
342929.0,515.5901,515.71,515.635,515.75,515.47,2024-03-20 14:10:00,11440,SPY
434607.0,515.708,515.635,515.6374,515.8,515.59,2024-03-20 14:15:00,11368,SPY
486381.0,515.8705,515.64,516.11,516.1497,515.57,2024-03-20 14:20:00,8493,SPY
567659.0,516.2226,516.12,516.35,516.4,516.0,2024-03-20 14:25:00,5860,SPY
488359.0,516.2823,516.345,516.04,516.44,516.04,2024-03-20 14:30:00,5036,SPY
463967.0,515.7408,516.04,515.766,516.0568,515.55,2024-03-20 14:35:00,5062,SPY
260239.0,515.7136,515.7611,515.6913,515.84,515.63,2024-03-20 14:40:00,3233,SPY
313406.0,515.7578,515.7,515.68,515.86,515.615,2024-03-20 14:45:00,3705,SPY
328522.0,515.8323,515.68,515.82,515.94,515.68,2024-03-20 14:50:00,3744,SPY
267993.0,515.8766,515.82,515.87,515.9623,515.78,2024-03-20 14:55:00,3368,SPY
286374.0,515.9462,515.88,516.08,516.09,515.8293,2024-03-20 15:00:00,3580,SPY
332827.0,516.0994,516.075,516.14,516.16,516.04,2024-03-20 15:05:00,3914,SPY
320488.0,516.222,516.14,516.28,516.305,516.11,2024-03-20 15:10:00,3549,SPY
336844.0,516.222,516.28,516.22,516.32,516.1399,2024-03-20 15:15:00,3786,SPY
292401.0,516.1914,516.22,516.175,516.27,516.115,2024-03-20 15:20:00,3317,SPY
287852.0,516.1839,516.1799,516.21,516.29,516.065,2024-03-20 15:25:00,3263,SPY
348891.0,516.0702,516.21,516.025,516.34,515.9302,2024-03-20 15:30:00,4089,SPY
189191.0,515.9888,516.0299,515.94,516.1,515.86,2024-03-20 15:35:00,2464,SPY
248497.0,515.926,515.92,515.855,515.99,515.84,2024-03-20 15:40:00,2877,SPY
380870.0,515.7184,515.8767,515.68,515.8767,515.58,2024-03-20 15:45:00,3873,SPY
287823.0,515.7848,515.6811,515.81,515.89,515.6485,2024-03-20 15:50:00,2986,SPY
311089.0,515.8953,515.8,515.93,515.985,515.785,2024-03-20 15:55:00,3112,SPY
222027.0,515.8744,515.91,515.89,515.94,515.81,2024-03-20 16:00:00,2863,SPY
296061.0,515.7124,515.8899,515.7197,515.89,515.51,2024-03-20 16:05:00,3478,SPY
194848.0,515.657,515.72,515.56,515.805,515.53,2024-03-20 16:10:00,2493,SPY
187915.0,515.6227,515.565,515.67,515.73,515.51,2024-03-20 16:15:00,2414,SPY
247932.0,515.6598,515.67,515.71,515.74,515.575,2024-03-20 16:20:00,2742,SPY
1402971.0,515.8064,515.72,515.75,515.89,515.69,2024-03-20 16:25:00,3046,SPY
313571.0,515.5363,515.75,515.565,515.775,515.3901,2024-03-20 16:30:00,3509,SPY
223246.0,515.6991,515.57,515.83,515.865,515.57,2024-03-20 16:35:00,2810,SPY
208488.0,515.925,515.83,515.91,515.975,515.83,2024-03-20 16:40:00,2565,SPY
159528.0,515.9662,515.92,515.97,516.0299,515.905,2024-03-20 16:45:00,2252,SPY
376747.0,516.0471,515.98,516.12,516.14,515.92,2024-03-20 16:50:00,4160,SPY
441483.0,515.9461,516.12,516.14,516.15,516.06,2024-03-20 16:55:00,2478,SPY
193799.0,515.9944,516.14,515.946,516.14,515.85,2024-03-20 17:00:00,2140,SPY
226998.0,515.8259,515.95,515.6801,515.97,515.654,2024-03-20 17:05:00,2596,SPY
288214.0,515.5595,515.679,515.4,515.71,515.35,2024-03-20 17:10:00,3339,SPY
506699.0,515.4642,515.4,515.53,515.5963,515.3,2024-03-20 17:15:00,4684,SPY
175257.0,515.4952,515.55,515.42,515.585,515.384,2024-03-20 17:20:00,2066,SPY
247058.0,515.5385,515.42,515.425,515.61,515.4187,2024-03-20 17:25:00,2819,SPY
654430.0,515.632,515.41,515.605,515.64,515.36,2024-03-20 17:30:00,4599,SPY
780452.0,515.6974,515.6,515.29,515.63,515.275,2024-03-20 17:35:00,3028,SPY
625923.0,515.4581,515.29,515.26,515.32,515.08,2024-03-20 17:40:00,3812,SPY
251221.0,515.2811,515.26,515.5,515.525,515.13,2024-03-20 17:45:00,3183,SPY
510730.0,515.6066,515.5,515.66,515.7,515.5,2024-03-20 17:50:00,4104,SPY
438252.0,515.451,515.6691,515.48,515.6691,515.33,2024-03-20 17:55:00,3576,SPY
2782171.0,517.0017,515.5,517.5199,517.73,515.48,2024-03-20 18:00:00,26379,SPY
1771567.0,517.6854,517.5101,516.86,518.4,516.63,2024-03-20 18:05:00,16722,SPY
934780.0,517.3259,516.87,517.09,517.74,516.87,2024-03-20 18:10:00,10838,SPY
791608.0,516.6765,517.1,516.53,517.22,516.36,2024-03-20 18:15:00,8953,SPY
866034.0,516.5583,516.55,516.95,517.18,516.46,2024-03-20 18:20:00,6958,SPY
808147.0,516.829,516.94,517.6301,517.67,516.89,2024-03-20 18:25:00,5851,SPY
1218737.0,517.0311,517.66,516.1,518.05,516.04,2024-03-20 18:30:00,12162,SPY
1867250.0,516.9664,516.07,517.615,517.97,515.8,2024-03-20 18:35:00,17533,SPY
1441427.0,517.9368,517.61,518.015,518.52,517.15,2024-03-20 18:40:00,13964,SPY
1463858.0,518.9592,518.18,519.4498,519.54,518.18,2024-03-20 18:45:00,14567,SPY
1416493.0,518.5504,519.445,519.1526,519.52,518.57,2024-03-20 18:50:00,11443,SPY
2226252.0,517.4849,519.19,518.91,519.55,518.73,2024-03-20 18:55:00,10139,SPY
2008851.0,517.299,518.95,519.27,519.59,518.84,2024-03-20 19:00:00,9078,SPY
1320694.0,519.8076,519.26,519.75,520.04,519.26,2024-03-20 19:05:00,13143,SPY
1513144.0,519.272,519.755,519.21,520.05,518.9,2024-03-20 19:10:00,14440,SPY
1070988.0,519.8186,519.22,520.255,520.32,519.15,2024-03-20 19:15:00,11488,SPY
1201961.0,519.1417,520.26,520.18,520.36,519.71,2024-03-20 19:20:00,9393,SPY
941504.0,520.2805,520.17,520.378,520.51,519.87,2024-03-20 19:25:00,9689,SPY
1131066.0,519.3892,520.38,520.35,520.62,520.28,2024-03-20 19:30:00,9376,SPY
1251107.0,520.0725,520.35,520.15,520.35,519.776,2024-03-20 19:35:00,12006,SPY
1524327.0,519.1927,520.12,519.62,520.22,519.56,2024-03-20 19:40:00,10898,SPY
1763955.0,519.5283,519.625,519.244,519.87,519.17,2024-03-20 19:45:00,17455,SPY
2595233.0,518.8667,519.24,519.545,519.97,519.1,2024-03-20 19:50:00,18297,SPY
5291830.0,520.1009,519.56,520.42,520.525,519.55,2024-03-20 19:55:00,31396,SPY
1880707.0,519.8258,520.44,520.71,520.74,520.17,2024-03-20 20:00:00,2697,SPY
1156924.0,520.4744,520.68,521.04,521.04,520.4043,2024-03-20 20:05:00,969,SPY
3167427.0,520.5936,521.03,521.14,521.2,520.4305,2024-03-20 20:10:00,1509,SPY
186697.0,520.7812,521.12,521.03,521.15,520.48,2024-03-20 20:15:00,477,SPY
167724.0,520.8829,520.48,521.14,521.19,520.48,2024-03-20 20:20:00,416,SPY
39407.0,521.093,521.1497,521.09,521.15,521.02,2024-03-20 20:25:00,205,SPY
174026.0,520.8003,521.1,521.31,521.4,520.424,2024-03-20 20:30:00,362,SPY
93401.0,521.2025,521.26,521.19,521.26,521.15,2024-03-20 20:35:00,381,SPY
40988.0,521.1919,521.18,521.2,521.23,521.16,2024-03-20 20:40:00,260,SPY
16814.0,521.1609,521.16,521.18,521.2,521.13,2024-03-20 20:45:00,208,SPY
23726.0,521.1293,521.16,521.2,521.2,521.12,2024-03-20 20:50:00,180,SPY
18884.0,520.8774,521.101,521.2,521.2,521.1,2024-03-20 20:55:00,193,SPY
7502.0,521.1235,521.18,521.12,521.18,521.12,2024-03-20 21:00:00,87,SPY
18119.0,521.074,521.12,521.07,521.12,521.04,2024-03-20 21:05:00,211,SPY
17677.0,521.0554,521.07,521.09,521.09,521.04,2024-03-20 21:10:00,145,SPY
13218.0,521.0664,521.09,521.1,521.1,521.05,2024-03-20 21:15:00,160,SPY
28744.0,521.0003,521.07,520.82,521.08,520.8,2024-03-20 21:20:00,375,SPY
9789.0,520.9731,520.89,520.96,521.07,520.89,2024-03-20 21:25:00,136,SPY
6313.0,520.8974,520.92,520.88,520.92,520.88,2024-03-20 21:30:00,95,SPY
22725.0,520.7681,520.84,520.75,520.85,520.7,2024-03-20 21:35:00,166,SPY
8849.0,520.8058,520.78,520.88,520.89,520.77,2024-03-20 21:40:00,127,SPY
5204.0,520.8701,520.86,520.82,520.9,520.82,2024-03-20 21:45:00,76,SPY
3266.0,520.8949,520.89,520.8713,520.92,520.84,2024-03-20 21:50:00,79,SPY
5710.0,520.9662,520.92,520.97,521.04,520.89,2024-03-20 21:55:00,72,SPY
79799.0,521.0545,521.0,521.03,521.1,520.98,2024-03-20 22:00:00,270,SPY
9357.0,521.1377,521.09,521.07,521.2,521.07,2024-03-20 22:05:00,103,SPY
5476.0,521.2835,521.04,521.3,521.42,521.04,2024-03-20 22:10:00,88,SPY
2676.0,521.3296,521.32,521.35,521.38,521.27,2024-03-20 22:15:00,54,SPY
18707.0,521.2718,521.27,521.22,521.3,521.22,2024-03-20 22:20:00,147,SPY
5544.0,521.2685,521.22,521.31,521.31,521.22,2024-03-20 22:25:00,64,SPY
2137.0,521.3071,521.2901,521.28,521.33,521.28,2024-03-20 22:30:00,36,SPY
4971.0,521.316,521.28,521.3,521.36,521.26,2024-03-20 22:35:00,76,SPY
12250.0,521.3469,521.3,521.32,521.36,521.3,2024-03-20 22:40:00,74,SPY
6019.0,521.3822,521.34,521.4,521.4,521.34,2024-03-20 22:45:00,62,SPY
5727.0,521.4878,521.42,521.55,521.55,521.42,2024-03-20 22:50:00,115,SPY
5542.0,521.4983,521.55,521.52,521.55,521.48,2024-03-20 22:55:00,85,SPY
8525.0,521.5309,521.48,521.52,521.56,521.48,2024-03-20 23:00:00,64,SPY
21759.0,521.6524,521.53,521.75,521.76,521.49,2024-03-20 23:05:00,130,SPY
20776.0,521.8206,521.76,521.8,521.9,521.75,2024-03-20 23:10:00,129,SPY
5354.0,521.8524,521.82,521.86,521.9,521.82,2024-03-20 23:15:00,98,SPY
20427.0,521.9485,521.86,522.0,522.03,521.85,2024-03-20 23:20:00,198,SPY
5956.0,521.9746,522.02,521.9292,522.05,521.92,2024-03-20 23:25:00,108,SPY
15079.0,521.935,521.92,521.89,521.99,521.89,2024-03-20 23:30:00,83,SPY
6088.0,521.8842,521.8985,521.9,521.9,521.87,2024-03-20 23:35:00,65,SPY
6789.0,521.9916,521.9101,522.0,522.01,521.9101,2024-03-20 23:40:00,61,SPY
10971.0,521.8752,521.9,521.86,521.93,521.85,2024-03-20 23:45:00,126,SPY
47123.0,521.8483,521.84,521.81,521.9,521.81,2024-03-20 23:50:00,153,SPY
9768.0,521.862,521.81,521.8804,521.91,521.8,2024-03-20 23:55:00,112,SPY
15718.0,523.3848,523.48,523.27,523.8,523.19,2024-03-21 08:00:00,114,SPY
5739.0,523.2443,523.28,523.34,523.36,523.12,2024-03-21 08:05:00,53,SPY
5717.0,523.1615,523.39,523.08,523.39,523.07,2024-03-21 08:10:00,61,SPY
7226.0,523.0662,523.19,523.02,523.19,523.0,2024-03-21 08:15:00,73,SPY
15714.0,522.9757,523.09,522.8,523.12,522.8,2024-03-21 08:20:00,85,SPY
5479.0,522.8473,522.8,522.9,522.93,522.77,2024-03-21 08:25:00,37,SPY
6262.0,522.91,522.93,522.99,523.02,522.84,2024-03-21 08:30:00,34,SPY
1398.0,522.9151,522.91,522.92,522.92,522.91,2024-03-21 08:35:00,12,SPY
3774.0,522.8427,522.96,522.82,522.96,522.75,2024-03-21 08:40:00,22,SPY
391.0,522.83,522.78,522.88,522.88,522.78,2024-03-21 08:45:00,8,SPY
4113.0,522.9044,522.83,522.91,522.97,522.83,2024-03-21 08:50:00,31,SPY
1395.0,522.8259,522.85,522.79,522.86,522.79,2024-03-21 08:55:00,11,SPY
2131.0,522.6739,522.77,522.54,522.77,522.54,2024-03-21 09:00:00,41,SPY
10477.0,522.3767,522.53,522.21,522.53,522.21,2024-03-21 09:05:00,91,SPY
641.0,522.2977,522.31,522.31,522.31,522.31,2024-03-21 09:10:00,6,SPY
1517.0,522.3033,522.33,522.28,522.33,522.28,2024-03-21 09:15:00,9,SPY
2307.0,522.3344,522.34,522.3,522.39,522.3,2024-03-21 09:20:00,19,SPY
3553.0,522.2632,522.25,522.27,522.27,522.25,2024-03-21 09:25:00,12,SPY
100.0,522.28,522.28,522.28,522.28,522.28,2024-03-21 09:30:00,1,SPY
1275.0,522.4064,522.26,522.42,522.46,522.26,2024-03-21 09:35:00,16,SPY
1132.0,522.5576,522.5,522.55,522.6,522.5,2024-03-21 09:40:00,13,SPY
872.0,522.61,522.59,522.63,522.66,522.58,2024-03-21 09:45:00,9,SPY
2099.0,522.5226,522.5,522.59,522.59,522.48,2024-03-21 09:50:00,20,SPY
2239.0,522.3875,522.44,522.33,522.46,522.33,2024-03-21 10:00:00,31,SPY
8747.0,522.2264,522.25,522.3,522.34,522.15,2024-03-21 10:05:00,40,SPY
3700.0,522.3577,522.35,522.35,522.4,522.35,2024-03-21 10:10:00,38,SPY
2094.0,522.2291,522.25,522.2,522.25,522.2,2024-03-21 10:15:00,19,SPY
1629.0,522.4183,522.36,522.42,522.45,522.35,2024-03-21 10:20:00,15,SPY
566.0,522.397,522.42,522.38,522.42,522.38,2024-03-21 10:25:00,11,SPY
624.0,522.4122,522.45,522.44,522.45,522.38,2024-03-21 10:30:00,10,SPY
930.0,522.2588,522.4,522.23,522.4,522.23,2024-03-21 10:35:00,20,SPY
1387.0,522.2071,522.26,522.16,522.26,522.14,2024-03-21 10:40:00,16,SPY
1773.0,522.2237,522.27,522.19,522.27,522.19,2024-03-21 10:45:00,18,SPY
911.0,522.2378,522.19,522.23,522.26,522.19,2024-03-21 10:50:00,15,SPY
2200.0,522.2386,522.23,522.27,522.31,522.23,2024-03-21 10:55:00,18,SPY
9178.0,522.3604,522.31,522.38,522.43,522.27,2024-03-21 11:00:00,95,SPY
10534.0,522.386,522.38,522.46,522.46,522.34,2024-03-21 11:05:00,57,SPY
20605.0,522.5206,522.47,522.52,522.66,522.46,2024-03-21 11:10:00,148,SPY
38949.0,522.4699,522.56,522.57,522.59,522.4,2024-03-21 11:15:00,176,SPY
13574.0,522.5985,522.57,522.52,522.67,522.5,2024-03-21 11:20:00,116,SPY
6330.0,522.5315,522.52,522.5,522.56,522.5,2024-03-21 11:25:00,80,SPY
11926.0,522.5721,522.5,522.72,522.72,522.46,2024-03-21 11:30:00,93,SPY
18251.0,522.7789,522.7,522.88,522.88,522.66,2024-03-21 11:35:00,120,SPY
15472.0,522.8689,522.84,522.79,522.95,522.77,2024-03-21 11:40:00,129,SPY
5250.0,522.8231,522.83,522.83,522.87,522.79,2024-03-21 11:45:00,70,SPY
25385.0,522.719,522.83,522.77,522.83,522.69,2024-03-21 11:50:00,128,SPY
16130.0,522.7202,522.74,522.76,522.76,522.69,2024-03-21 11:55:00,107,SPY
92668.0,522.8023,522.78,523.09,523.34,522.1204,2024-03-21 12:00:00,1040,SPY
15738.0,523.0709,523.09,522.93,523.15,522.93,2024-03-21 12:05:00,251,SPY
15582.0,522.9137,522.94,522.93,522.97,522.85,2024-03-21 12:10:00,124,SPY
46144.0,523.0658,522.99,523.13,523.13,522.99,2024-03-21 12:15:00,275,SPY
45414.0,523.0834,523.13,523.1,523.16,523.04,2024-03-21 12:20:00,269,SPY
25867.0,523.2409,523.15,523.31,523.31,523.14,2024-03-21 12:25:00,159,SPY
13331.0,523.2184,523.25,523.21,523.26,523.15,2024-03-21 12:30:00,185,SPY
14315.0,523.0145,523.18,523.1,523.18,522.97,2024-03-21 12:35:00,196,SPY
48936.0,523.1139,523.17,523.0,523.17,523.0,2024-03-21 12:40:00,292,SPY
19986.0,523.0582,523.01,523.18,523.18,523.0,2024-03-21 12:45:00,176,SPY
57793.0,523.1524,523.13,523.1,523.23,523.08,2024-03-21 12:50:00,286,SPY
57364.0,523.1235,523.1,523.17,523.19,523.1,2024-03-21 12:55:00,165,SPY
9357.0,523.1331,523.16,523.14,523.1899,523.05,2024-03-21 13:00:00,344,SPY
31510.0,523.0581,523.13,522.99,523.16,522.99,2024-03-21 13:05:00,372,SPY
11071.0,522.9678,523.0,522.98,523.02,522.94,2024-03-21 13:10:00,286,SPY
20779.0,523.1174,523.01,523.14,523.2,522.99,2024-03-21 13:15:00,337,SPY
20172.0,523.2104,523.15,523.22,523.25,523.12,2024-03-21 13:20:00,287,SPY
177516.0,523.4884,523.2,523.36,523.68,523.2,2024-03-21 13:25:00,844,SPY
1456680.0,523.1583,523.39,523.02,523.5,522.92,2024-03-21 13:30:00,14822,SPY
913804.0,523.2867,523.0,523.47,523.495,522.99,2024-03-21 13:35:00,9278,SPY
1270950.0,523.6838,523.47,523.52,524.01,523.4114,2024-03-21 13:40:00,11606,SPY
1219436.0,523.2349,523.5,522.81,523.72,522.765,2024-03-21 13:45:00,11705,SPY
812452.0,522.9721,522.8,523.0801,523.1199,522.79,2024-03-21 13:50:00,8033,SPY
1051097.0,523.2027,523.09,523.43,523.46,522.94,2024-03-21 13:55:00,7473,SPY
663206.0,523.3825,523.43,523.315,523.53,523.21,2024-03-21 14:00:00,7810,SPY
829932.0,522.4766,523.31,523.57,523.67,523.1551,2024-03-21 14:05:00,8408,SPY
600658.0,523.51,523.58,523.44,523.675,523.336,2024-03-21 14:10:00,13766,SPY
870499.0,522.618,523.45,523.66,523.69,523.395,2024-03-21 14:15:00,13051,SPY
593988.0,523.7995,523.67,523.675,523.98,523.63,2024-03-21 14:20:00,9740,SPY
531765.0,523.8028,523.6701,523.75,523.928,523.66,2024-03-21 14:25:00,5766,SPY
829142.0,523.4164,523.77,523.35,523.8,523.18,2024-03-21 14:30:00,9048,SPY
613627.0,523.4412,523.3584,523.41,523.5749,523.24,2024-03-21 14:35:00,6855,SPY
1086776.0,523.5777,523.42,523.85,523.92,523.165,2024-03-21 14:40:00,10598,SPY
581600.0,523.8517,523.83,523.94,523.98,523.7,2024-03-21 14:45:00,6149,SPY
369974.0,523.799,523.94,523.855,523.95,523.69,2024-03-21 14:50:00,4644,SPY
695842.0,523.7319,523.86,523.6,523.91,523.5298,2024-03-21 14:55:00,5936,SPY
731421.0,523.6161,523.59,523.365,523.84,523.3299,2024-03-21 15:00:00,6838,SPY
631690.0,523.2121,523.36,523.14,523.41,523.03,2024-03-21 15:05:00,6757,SPY
459569.0,523.2901,523.16,523.42,523.45,523.13,2024-03-21 15:10:00,4803,SPY
443732.0,523.3207,523.42,523.21,523.5575,523.1,2024-03-21 15:15:00,4761,SPY
289496.0,523.3633,523.2,523.41,523.51,523.18,2024-03-21 15:20:00,4029,SPY
391829.0,523.3381,523.42,523.4,523.43,523.2012,2024-03-21 15:25:00,4167,SPY
378234.0,523.4999,523.4,523.57,523.66,523.27,2024-03-21 15:30:00,4718,SPY
358468.0,523.6741,523.56,523.735,523.76,523.56,2024-03-21 15:35:00,4251,SPY
452386.0,523.7282,523.75,523.68,523.84,523.63,2024-03-21 15:40:00,4746,SPY
459998.0,523.586,523.68,523.63,523.77,523.596,2024-03-21 15:45:00,3642,SPY
446833.0,523.7858,523.62,523.67,523.93,523.6187,2024-03-21 15:50:00,5051,SPY
466468.0,523.7562,523.675,523.75,523.84,523.655,2024-03-21 15:55:00,4384,SPY
297248.0,523.7328,523.74,523.7899,523.83,523.605,2024-03-21 16:00:00,3676,SPY
406287.0,523.8346,523.78,523.6803,523.99,523.64,2024-03-21 16:05:00,4605,SPY
348951.0,523.7262,523.685,523.88,523.9,523.625,2024-03-21 16:10:00,4116,SPY
418856.0,523.9003,523.89,523.8582,523.99,523.8099,2024-03-21 16:15:00,4622,SPY
330869.0,523.8937,523.86,523.865,523.99,523.765,2024-03-21 16:20:00,3478,SPY
436526.0,523.9702,523.86,524.01,524.05,523.81,2024-03-21 16:25:00,4496,SPY
687685.0,522.6212,524.0,523.705,524.11,523.685,2024-03-21 16:30:00,4907,SPY
707751.0,523.6006,523.705,523.75,523.8088,523.54,2024-03-21 16:35:00,5136,SPY
537231.0,523.7189,523.77,523.54,523.87,523.481,2024-03-21 16:40:00,5577,SPY
516439.0,523.5431,523.53,523.615,523.67,523.43,2024-03-21 16:45:00,5303,SPY
235660.0,523.7,523.62,523.75,523.795,523.62,2024-03-21 16:50:00,2800,SPY
288695.0,523.7585,523.751,523.76,523.81,523.7,2024-03-21 16:55:00,2938,SPY
1398697.0,521.7995,523.745,523.43,523.76,523.19,2024-03-21 17:00:00,5409,SPY
534809.0,522.0118,523.43,523.395,523.58,523.33,2024-03-21 17:05:00,3406,SPY
219497.0,523.5998,523.39,523.63,523.7,523.385,2024-03-21 17:10:00,2917,SPY
323230.0,523.5179,523.625,523.44,523.625,523.3901,2024-03-21 17:15:00,3890,SPY
372059.0,523.3407,523.45,523.2399,523.46,523.1901,2024-03-21 17:20:00,4309,SPY
236715.0,523.3677,523.24,523.39,523.48,523.23,2024-03-21 17:25:00,2864,SPY
247214.0,523.2773,523.37,523.1725,523.4,523.17,2024-03-21 17:30:00,3619,SPY
257174.0,523.2862,523.18,523.4201,523.43,523.155,2024-03-21 17:35:00,3073,SPY
380297.0,523.4344,523.42,523.515,523.53,523.32,2024-03-21 17:40:00,3763,SPY
381878.0,523.2537,523.52,523.14,523.5499,523.01,2024-03-21 17:45:00,4186,SPY
624600.0,523.0196,523.13,522.85,523.26,522.73,2024-03-21 17:50:00,6182,SPY
596668.0,522.8203,522.85,522.81,522.92,522.75,2024-03-21 17:55:00,5839,SPY
783548.0,522.8073,522.8,522.895,522.96,522.66,2024-03-21 18:00:00,7836,SPY
595942.0,522.7917,522.9,522.56,523.0074,522.54,2024-03-21 18:05:00,6175,SPY
538378.0,522.701,522.56,522.68,522.87,522.51,2024-03-21 18:10:00,5559,SPY
339370.0,522.7183,522.685,522.835,522.88,522.57,2024-03-21 18:15:00,4134,SPY
673059.0,521.983,522.83,522.785,523.07,522.75,2024-03-21 18:20:00,4658,SPY
395051.0,522.9901,522.785,523.04,523.12,522.78,2024-03-21 18:25:00,4215,SPY
482200.0,522.8913,523.04,522.6501,523.04,522.65,2024-03-21 18:30:00,4300,SPY
890046.0,522.3593,522.65,522.32,522.65,522.165,2024-03-21 18:35:00,8018,SPY
494911.0,522.3233,522.32,522.46,522.5,522.03,2024-03-21 18:40:00,5465,SPY
423948.0,522.5535,522.46,522.43,522.68,522.39,2024-03-21 18:45:00,4264,SPY
290297.0,522.4939,522.42,522.4113,522.59,522.4099,2024-03-21 18:50:00,3597,SPY
655188.0,521.5484,522.415,522.32,522.415,522.06,2024-03-21 18:55:00,4416,SPY
684085.0,521.5724,522.33,522.275,522.3999,522.09,2024-03-21 19:00:00,4804,SPY
792243.0,521.8219,522.27,522.59,522.6101,522.25,2024-03-21 19:05:00,5824,SPY
578376.0,522.6299,522.59,522.525,522.76,522.51,2024-03-21 19:10:00,5801,SPY
971011.0,522.1427,522.53,522.785,522.86,522.53,2024-03-21 19:15:00,6235,SPY
559019.0,522.6293,522.785,522.56,522.855,522.45,2024-03-21 19:20:00,6189,SPY
513187.0,522.6968,522.565,522.78,522.83,522.56,2024-03-21 19:25:00,5578,SPY
1594756.0,522.1276,522.795,522.68,523.17,522.66,2024-03-21 19:30:00,9360,SPY
599169.0,522.5525,522.6795,522.4587,522.72,522.34,2024-03-21 19:35:00,6488,SPY
759647.0,522.7045,522.46,522.855,522.89,522.46,2024-03-21 19:40:00,7470,SPY
1435332.0,521.8235,522.85,522.47,522.89,522.325,2024-03-21 19:45:00,9846,SPY
1649383.0,522.5457,522.47,522.54,522.74,522.37,2024-03-21 19:50:00,14165,SPY
3647474.0,522.2235,522.54,522.11,522.56,521.91,2024-03-21 19:55:00,21671,SPY
1482341.0,521.8689,522.12,522.2,522.41,522.04,2024-03-21 20:00:00,1328,SPY
4173301.0,522.1231,522.24,522.43,522.49,522.1053,2024-03-21 20:05:00,879,SPY
107088.0,522.5473,522.46,522.52,522.66,522.44,2024-03-21 20:10:00,690,SPY
60377.0,522.5709,522.55,522.64,522.67,522.52,2024-03-21 20:15:00,362,SPY
102783.0,522.5849,522.62,522.75,522.77,522.2,2024-03-21 20:20:00,403,SPY
100846.0,522.6779,522.74,522.65,522.76,522.63,2024-03-21 20:25:00,382,SPY
42495.0,522.3744,522.64,522.52,522.66,522.51,2024-03-21 20:30:00,201,SPY
74107.0,522.5822,522.52,522.6283,522.6283,522.52,2024-03-21 20:35:00,320,SPY
13043.0,522.6241,522.59,522.59,522.66,522.59,2024-03-21 20:40:00,185,SPY
25197.0,522.61,522.59,522.62,522.64,522.59,2024-03-21 20:45:00,134,SPY
172067.0,522.2413,522.62,522.54,522.62,522.2,2024-03-21 20:50:00,157,SPY
14422.0,522.6094,522.55,522.6,522.65,522.55,2024-03-21 20:55:00,89,SPY
8692.0,522.6429,522.6,522.67,522.68,522.6,2024-03-21 21:00:00,92,SPY
16116.0,522.6849,522.67,522.73,522.73,522.64,2024-03-21 21:05:00,105,SPY
20206.0,522.665,522.73,522.64,522.75,522.64,2024-03-21 21:10:00,123,SPY
20924.0,522.6044,522.65,522.57,522.65,522.56,2024-03-21 21:15:00,158,SPY
19325.0,522.2991,522.58,522.2,522.7,522.2,2024-03-21 21:20:00,46,SPY
474.0,522.5939,522.58,522.58,522.58,522.58,2024-03-21 21:25:00,16,SPY
209.0,522.5805,522.58,522.58,522.58,522.58,2024-03-21 21:35:00,11,SPY
2077.0,522.5554,522.57,522.54,522.57,522.54,2024-03-21 21:40:00,37,SPY
15949.0,522.5972,522.62,522.6,522.65,522.5,2024-03-21 21:45:00,139,SPY
541.0,522.5741,522.56,522.56,522.56,522.56,2024-03-21 21:50:00,25,SPY
3545.0,522.5698,522.6,522.49,522.6,522.49,2024-03-21 21:55:00,51,SPY
8200.0,522.6183,522.56,522.65,522.68,522.55,2024-03-21 22:00:00,99,SPY
11701.0,522.5243,522.61,522.39,522.61,522.39,2024-03-21 22:05:00,134,SPY
4429.0,522.3991,522.39,522.45,522.4577,522.3514,2024-03-21 22:10:00,58,SPY
833.0,522.4035,522.41,522.47,522.47,522.41,2024-03-21 22:15:00,16,SPY
1331.0,522.376,522.42,522.34,522.42,522.34,2024-03-21 22:20:00,42,SPY
598.0,522.3943,522.39,522.4,522.4,522.39,2024-03-21 22:25:00,21,SPY
886.0,522.522,522.45,522.59,522.59,522.45,2024-03-21 22:30:00,25,SPY
1283.0,522.6239,522.6,522.64,522.64,522.6,2024-03-21 22:35:00,30,SPY
1637.0,522.6283,522.61,522.66,522.66,522.61,2024-03-21 22:40:00,36,SPY
4053.0,522.6941,522.67,522.71,522.71,522.64,2024-03-21 22:45:00,56,SPY
2624.0,522.7296,522.72,522.74,522.74,522.72,2024-03-21 22:50:00,22,SPY
3291.0,522.7967,522.8,522.77,522.81,522.77,2024-03-21 22:55:00,44,SPY
1185.0,522.7445,522.7401,522.7401,522.7401,522.7401,2024-03-21 23:00:00,11,SPY
631.0,522.7801,522.8,522.76,522.8,522.76,2024-03-21 23:10:00,19,SPY
2846.0,522.6926,522.75,522.6502,522.75,522.6502,2024-03-21 23:15:00,49,SPY
4224.0,522.6715,522.66,522.74,522.74,522.66,2024-03-21 23:20:00,55,SPY
754.0,522.774,522.77,522.78,522.78,522.77,2024-03-21 23:25:00,22,SPY
2497.0,522.8,522.8,522.8,522.8,522.8,2024-03-21 23:30:00,15,SPY
641.0,522.852,522.83,522.86,522.86,522.83,2024-03-21 23:40:00,29,SPY
1286.0,522.8489,522.88,522.84,522.88,522.84,2024-03-21 23:45:00,27,SPY
1727.0,522.8509,522.84,522.88,522.88,522.84,2024-03-21 23:50:00,25,SPY
14964.0,522.8623,522.89,522.85,522.91,522.84,2024-03-21 23:55:00,80,SPY
5360.0,522.2762,522.22,522.26,522.38,522.16,2024-03-22 08:00:00,62,SPY
4154.0,522.264,522.14,522.49,522.49,522.11,2024-03-22 08:10:00,26,SPY
1187.0,522.4878,522.5,522.33,522.5,522.33,2024-03-22 08:15:00,8,SPY
3077.0,522.5713,522.49,522.58,522.59,522.49,2024-03-22 08:20:00,13,SPY
346.0,522.4993,522.49,522.49,522.49,522.49,2024-03-22 08:25:00,2,SPY
253.0,522.6961,522.72,522.68,522.72,522.68,2024-03-22 08:30:00,4,SPY
281.0,522.6201,522.57,522.66,522.66,522.57,2024-03-22 08:35:00,4,SPY
433.0,522.7665,522.71,522.79,522.79,522.71,2024-03-22 08:40:00,6,SPY
1115.0,522.8474,522.87,522.8,522.87,522.8,2024-03-22 08:45:00,9,SPY
2441.0,522.7208,522.78,522.81,522.81,522.7,2024-03-22 08:50:00,22,SPY
687.0,522.8309,522.82,522.84,522.84,522.82,2024-03-22 08:55:00,3,SPY
375.0,522.88,522.88,522.88,522.88,522.88,2024-03-22 09:00:00,2,SPY
4339.0,523.0054,522.97,523.06,523.09,522.96,2024-03-22 09:05:00,23,SPY
840.0,523.0273,523.05,522.98,523.05,522.98,2024-03-22 09:15:00,11,SPY
2681.0,522.8433,522.84,522.78,522.89,522.78,2024-03-22 09:20:00,20,SPY
603.0,522.7534,522.74,522.79,522.79,522.74,2024-03-22 09:25:00,8,SPY
202.0,522.8299,522.83,522.83,522.83,522.83,2024-03-22 09:30:00,3,SPY
691.0,522.7058,522.71,522.7,522.71,522.7,2024-03-22 09:35:00,4,SPY
825.0,522.7778,522.77,522.79,522.79,522.77,2024-03-22 09:40:00,5,SPY
3044.0,522.9572,522.92,522.95,522.97,522.92,2024-03-22 10:00:00,21,SPY
631.0,522.8477,522.86,522.83,522.86,522.83,2024-03-22 10:10:00,9,SPY
334.0,522.8473,522.84,522.86,522.86,522.84,2024-03-22 10:15:00,8,SPY
1035.0,522.9122,522.87,522.92,522.93,522.87,2024-03-22 10:20:00,12,SPY
1361.0,522.9108,522.88,522.93,522.93,522.87,2024-03-22 10:25:00,8,SPY
5867.0,522.9336,522.97,522.86,522.98,522.85,2024-03-22 10:30:00,14,SPY
165.0,522.9878,522.99,522.99,522.99,522.99,2024-03-22 10:35:00,7,SPY
1923.0,523.0054,522.98,523.09,523.09,522.96,2024-03-22 10:40:00,11,SPY
914.0,523.0704,523.04,523.09,523.09,523.04,2024-03-22 10:45:00,12,SPY
125.0,523.048,523.05,523.05,523.05,523.05,2024-03-22 10:50:00,3,SPY
2474.0,522.8082,522.83,522.78,522.84,522.76,2024-03-22 10:55:00,19,SPY
2488.0,522.8462,522.81,522.93,522.95,522.8,2024-03-22 11:00:00,28,SPY
877.0,522.9727,522.91,523.0,523.0,522.91,2024-03-22 11:05:00,26,SPY
10183.0,523.0395,522.99,523.08,523.08,522.99,2024-03-22 11:10:00,55,SPY
1136.0,522.9971,523.04,522.95,523.04,522.95,2024-03-22 11:15:00,31,SPY
4178.0,522.724,522.78,522.57,522.78,522.57,2024-03-22 11:20:00,48,SPY
9160.0,522.5854,522.57,522.64,522.66,522.55,2024-03-22 11:25:00,94,SPY
662.0,522.6088,522.62,522.6,522.62,522.6,2024-03-22 11:30:00,16,SPY
16706.0,522.5792,522.62,522.36,522.62,522.36,2024-03-22 11:35:00,110,SPY
6754.0,522.2451,522.35,522.2,522.35,522.17,2024-03-22 11:40:00,120,SPY
37732.0,521.8568,522.2,521.6,522.2,521.6,2024-03-22 11:45:00,309,SPY
44334.0,521.55,521.6,521.6,521.63,521.44,2024-03-22 11:50:00,209,SPY
15848.0,521.4912,521.58,521.51,521.6,521.39,2024-03-22 11:55:00,162,SPY
78147.0,521.8862,521.52,521.35,523.09,521.26,2024-03-22 12:00:00,1426,SPY
28198.0,521.3767,521.3,521.56,521.57,521.27,2024-03-22 12:05:00,299,SPY
11890.0,521.6271,521.59,521.62,521.75,521.55,2024-03-22 12:10:00,220,SPY
12497.0,521.5218,521.59,521.54,521.65,521.32,2024-03-22 12:15:00,230,SPY
9061.0,521.5672,521.59,521.4,521.69,521.4,2024-03-22 12:20:00,193,SPY
22317.0,521.4311,521.4,521.44,521.51,521.32,2024-03-22 12:25:00,222,SPY
19299.0,521.3614,521.44,521.39,521.46,521.28,2024-03-22 12:30:00,184,SPY
40778.0,521.3132,521.39,521.53,521.54,521.25,2024-03-22 12:35:00,218,SPY
13220.0,521.5833,521.55,521.71,521.73,521.49,2024-03-22 12:40:00,171,SPY
4551.0,521.7086,521.77,521.75,521.77,521.64,2024-03-22 12:45:00,120,SPY
8686.0,521.7889,521.7394,521.74,521.83,521.7394,2024-03-22 12:50:00,151,SPY
5790.0,521.7707,521.81,521.81,521.81,521.72,2024-03-22 12:55:00,115,SPY
14446.0,521.9455,521.86,521.95,521.99,521.86,2024-03-22 13:00:00,216,SPY
25384.0,521.9759,521.97,521.85,522.06,521.85,2024-03-22 13:05:00,247,SPY
22009.0,521.8978,521.87,521.95,521.98,521.8309,2024-03-22 13:10:00,205,SPY
12064.0,522.0862,522.0,522.0,522.14,522.0,2024-03-22 13:15:00,204,SPY
17146.0,521.8656,522.03,521.7791,522.03,521.73,2024-03-22 13:20:00,295,SPY
48203.0,521.9924,521.71,522.09,522.1,521.7,2024-03-22 13:25:00,388,SPY
1090538.0,522.0682,522.11,521.96,522.38,521.76,2024-03-22 13:30:00,12134,SPY
543304.0,522.142,521.9599,522.21,522.29,521.94,2024-03-22 13:35:00,5845,SPY
594274.0,522.0309,522.22,521.75,522.44,521.71,2024-03-22 13:40:00,6448,SPY
581642.0,521.6336,521.79,521.5,521.82,521.42,2024-03-22 13:45:00,6310,SPY
706160.0,521.8043,521.5,521.9601,522.06,521.5,2024-03-22 13:50:00,7310,SPY
409383.0,521.9168,521.96,521.77,522.0,521.715,2024-03-22 13:55:00,4689,SPY
682274.0,522.056,521.78,522.2,522.21,521.78,2024-03-22 14:00:00,7209,SPY
451163.0,522.1856,522.19,522.08,522.305,521.99,2024-03-22 14:05:00,5699,SPY
680712.0,521.9255,522.08,521.7,522.13,521.675,2024-03-22 14:10:00,13854,SPY
499351.0,521.7746,521.7,521.91,521.98,521.58,2024-03-22 14:15:00,11357,SPY
360626.0,521.7606,521.89,521.62,521.99,521.575,2024-03-22 14:20:00,9781,SPY
582528.0,521.5914,521.62,521.7999,521.815,521.41,2024-03-22 14:25:00,5321,SPY
335500.0,521.6666,521.79,521.575,521.82,521.475,2024-03-22 14:30:00,4041,SPY
492334.0,521.5146,521.59,521.59,521.64,521.41,2024-03-22 14:35:00,5554,SPY
757697.0,521.361,521.59,521.2,521.61,521.19,2024-03-22 14:40:00,7984,SPY
772702.0,521.2628,521.2,521.35,521.39,521.12,2024-03-22 14:45:00,7024,SPY
461303.0,521.1925,521.365,521.1414,521.37,521.1,2024-03-22 14:50:00,5391,SPY
456447.0,521.0882,521.15,521.06,521.175,521.02,2024-03-22 14:55:00,5220,SPY
597008.0,521.3024,521.06,521.445,521.56,521.03,2024-03-22 15:00:00,5845,SPY
433389.0,521.4395,521.44,521.325,521.57,521.29,2024-03-22 15:05:00,4699,SPY
384791.0,521.5502,521.32,521.51,521.635,521.32,2024-03-22 15:10:00,4339,SPY
251005.0,521.4025,521.51,521.44,521.52,521.31,2024-03-22 15:15:00,3514,SPY
383079.0,521.5752,521.45,521.61,521.67,521.43,2024-03-22 15:20:00,4472,SPY
468378.0,521.6501,521.62,521.7,521.7501,521.5332,2024-03-22 15:25:00,5035,SPY
372432.0,521.7517,521.705,521.78,521.835,521.7,2024-03-22 15:30:00,4933,SPY
427845.0,521.6496,521.78,521.4899,521.835,521.41,2024-03-22 15:35:00,5261,SPY
337035.0,521.5458,521.49,521.46,521.64,521.45,2024-03-22 15:40:00,4221,SPY
476122.0,521.5036,521.46,521.47,521.61,521.4,2024-03-22 15:45:00,4288,SPY
333730.0,521.5853,521.48,521.52,521.68,521.48,2024-03-22 15:50:00,4014,SPY
338845.0,521.5638,521.52,521.68,521.705,521.43,2024-03-22 15:55:00,4036,SPY
330513.0,521.6277,521.68,521.51,521.7779,521.4677,2024-03-22 16:00:00,4253,SPY
369046.0,521.5065,521.51,521.51,521.62,521.43,2024-03-22 16:05:00,4261,SPY
447727.0,521.4808,521.51,521.445,521.65,521.36,2024-03-22 16:10:00,4729,SPY
1168345.0,521.4865,521.445,521.45,521.46,521.1905,2024-03-22 16:15:00,4525,SPY
297815.0,521.4391,521.45,521.43,521.52,521.3313,2024-03-22 16:20:00,3373,SPY
272701.0,521.4127,521.43,521.45,521.52,521.3,2024-03-22 16:25:00,3421,SPY
363104.0,521.3142,521.455,521.1,521.51,521.09,2024-03-22 16:30:00,4509,SPY
461588.0,521.1391,521.11,521.23,521.25,520.97,2024-03-22 16:35:00,5467,SPY
485613.0,521.4111,521.24,521.503,521.53,521.24,2024-03-22 16:40:00,4594,SPY
545043.0,521.5789,521.5,521.6,521.67,521.5,2024-03-22 16:45:00,5199,SPY
540624.0,521.7505,521.6,521.775,521.88,521.6,2024-03-22 16:50:00,5282,SPY
654529.0,521.9121,521.78,521.84,521.85,521.65,2024-03-22 16:55:00,4232,SPY
485191.0,521.8449,521.83,521.91,521.91,521.76,2024-03-22 17:00:00,4917,SPY
467996.0,521.9505,521.902,521.95,522.005,521.88,2024-03-22 17:05:00,4668,SPY
513295.0,521.9671,521.955,522.03,522.09,521.8,2024-03-22 17:10:00,4922,SPY
1037275.0,521.7872,522.0231,522.055,522.21,521.985,2024-03-22 17:15:00,3658,SPY
520070.0,521.8944,522.05,521.9446,522.06,521.845,2024-03-22 17:20:00,3885,SPY
283725.0,522.0187,521.95,522.0427,522.08,521.925,2024-03-22 17:25:00,2924,SPY
320387.0,522.1532,522.045,522.12,522.26,522.045,2024-03-22 17:30:00,3981,SPY
325599.0,522.0276,522.12,521.96,522.16,521.93,2024-03-22 17:35:00,3548,SPY
426731.0,521.9988,521.96,522.125,522.135,521.9,2024-03-22 17:40:00,4118,SPY
404989.0,522.2395,522.13,522.2499,522.39,522.11,2024-03-22 17:45:00,4518,SPY
502858.0,522.4129,522.25,522.45,522.54,522.25,2024-03-22 17:50:00,5024,SPY
357530.0,522.5118,522.46,522.545,522.59,522.42,2024-03-22 17:55:00,3400,SPY
410266.0,522.5079,522.54,522.56,522.605,522.38,2024-03-22 18:00:00,4072,SPY
320831.0,522.4236,522.56,522.35,522.57,522.31,2024-03-22 18:05:00,3582,SPY
222652.0,522.4097,522.355,522.345,522.47,522.33,2024-03-22 18:10:00,2459,SPY
275782.0,522.2513,522.345,522.1999,522.3499,522.16,2024-03-22 18:15:00,3209,SPY
490502.0,522.1022,522.1901,522.2072,522.24,521.955,2024-03-22 18:20:00,4957,SPY
418344.0,522.4317,522.19,522.5099,522.58,522.18,2024-03-22 18:25:00,4419,SPY
350491.0,522.3477,522.51,522.36,522.53,522.21,2024-03-22 18:30:00,3892,SPY
329991.0,522.3968,522.37,522.37,522.46,522.31,2024-03-22 18:35:00,3595,SPY
647231.0,522.1807,522.36,522.17,522.365,522.1,2024-03-22 18:40:00,3908,SPY
525766.0,522.1092,522.17,522.02,522.23,522.0,2024-03-22 18:45:00,5007,SPY
356066.0,522.0369,522.02,522.01,522.14,521.95,2024-03-22 18:50:00,3834,SPY
328222.0,522.1548,522.01,522.17,522.28,522.0,2024-03-22 18:55:00,3671,SPY
582447.0,522.1068,522.17,522.0103,522.1901,521.96,2024-03-22 19:00:00,3828,SPY
811560.0,522.038,522.0199,522.09,522.115,521.8524,2024-03-22 19:05:00,4973,SPY
966655.0,521.5846,522.08,521.48,522.12,521.25,2024-03-22 19:10:00,8460,SPY
1140913.0,521.3968,521.475,521.385,521.57,521.12,2024-03-22 19:15:00,8602,SPY
568416.0,521.3955,521.39,521.45,521.51,521.26,2024-03-22 19:20:00,5957,SPY
614056.0,521.642,521.445,521.69,521.75,521.44,2024-03-22 19:25:00,6332,SPY
674995.0,521.575,521.7,521.54,521.75,521.42,2024-03-22 19:30:00,6831,SPY
1010172.0,521.8753,521.55,521.78,522.1424,521.54,2024-03-22 19:35:00,6292,SPY
725150.0,521.8202,521.79,521.95,522.02,521.715,2024-03-22 19:40:00,6672,SPY
917896.0,521.9611,521.96,521.98,522.05,521.82,2024-03-22 19:45:00,8016,SPY
4268815.0,522.2017,521.99,522.13,522.36,521.97,2024-03-22 19:50:00,23501,SPY
7014127.0,521.8622,522.13,521.27,522.215,521.23,2024-03-22 19:55:00,26328,SPY
1715768.0,521.5139,521.28,521.15,521.44,521.11,2024-03-22 20:00:00,2046,SPY
5092963.0,521.4698,521.15,521.01,521.4101,521.0,2024-03-22 20:05:00,902,SPY
6169642.0,521.3745,521.03,521.0,521.06,520.96,2024-03-22 20:10:00,671,SPY
902608.0,521.9837,521.03,520.93,521.4073,520.88,2024-03-22 20:15:00,390,SPY
7079204.0,522.1195,520.91,520.94,522.1424,520.9,2024-03-22 20:20:00,423,SPY
1564696.0,522.1135,520.95,520.84,520.95,520.82,2024-03-22 20:25:00,176,SPY
73232.0,520.8926,520.85,520.94,520.94,520.84,2024-03-22 20:30:00,241,SPY
1979096.0,521.5878,520.94,520.93,521.4073,520.89,2024-03-22 20:35:00,180,SPY
1323335.0,521.3994,520.94,520.96,521.4073,520.94,2024-03-22 20:40:00,180,SPY
139895.0,521.1524,520.97,520.96,521.01,520.96,2024-03-22 20:45:00,237,SPY
3717.0,520.9636,520.96,520.96,520.98,520.96,2024-03-22 20:50:00,107,SPY
38434.0,520.9449,520.97,520.95,521.02,520.9,2024-03-22 20:55:00,175,SPY
36290.0,521.0162,520.97,521.01,521.04,520.97,2024-03-22 21:00:00,111,SPY
14278.0,521.0343,521.04,521.0,521.05,521.0,2024-03-22 21:05:00,54,SPY
7423.0,520.9854,521.01,520.98,521.01,520.98,2024-03-22 21:10:00,43,SPY
20535.0,520.9799,520.97,520.98,520.99,520.97,2024-03-22 21:15:00,74,SPY
10507.0,520.93,520.98,520.98,520.98,520.9,2024-03-22 21:20:00,91,SPY
27515.0,520.9737,520.98,520.98,520.98,520.95,2024-03-22 21:25:00,59,SPY
1013.0,520.9019,520.9008,520.9008,520.9008,520.9008,2024-03-22 21:30:00,7,SPY
3086.0,520.9598,520.93,521.0,521.0,520.93,2024-03-22 21:35:00,50,SPY
11385.0,520.9767,520.93,521.0,521.0,520.93,2024-03-22 21:40:00,90,SPY
34147.0,520.9285,520.99,520.9,521.0,520.87,2024-03-22 21:45:00,146,SPY
808.0,520.9185,520.92,520.91,520.92,520.91,2024-03-22 21:50:00,47,SPY
350.0,520.9015,520.9,520.9,520.9,520.9,2024-03-22 21:55:00,14,SPY
1303.0,520.9012,520.91,520.88,520.91,520.88,2024-03-22 22:00:00,29,SPY
107.0,520.9008,520.9,520.9,520.9,520.9,2024-03-22 22:05:00,5,SPY
616.0,520.882,520.89,520.88,520.89,520.88,2024-03-22 22:10:00,19,SPY
6010.0,520.8137,520.82,520.79,520.82,520.79,2024-03-22 22:15:00,41,SPY
1770.0,520.7931,520.81,520.7802,520.81,520.78,2024-03-22 22:20:00,84,SPY
2231.0,520.7887,520.78,520.79,520.79,520.78,2024-03-22 22:25:00,87,SPY
3395.0,520.796,520.79,520.8,520.8,520.79,2024-03-22 22:30:00,71,SPY
1727.0,520.8025,520.79,520.8,520.8,520.79,2024-03-22 22:35:00,56,SPY
879.0,520.7997,520.8,520.8,520.8,520.8,2024-03-22 22:40:00,34,SPY
3480.0,520.7871,520.79,520.79,520.79,520.77,2024-03-22 22:50:00,32,SPY
2027.0,520.8,520.8,520.8,520.8,520.8,2024-03-22 22:55:00,32,SPY
689.0,520.8196,520.82,520.82,520.82,520.82,2024-03-22 23:05:00,8,SPY
1094.0,520.8286,520.83,520.83,520.83,520.8298,2024-03-22 23:10:00,50,SPY
230.0,520.8012,520.8,520.8,520.8,520.8,2024-03-22 23:15:00,6,SPY
233.0,520.8212,520.82,520.82,520.82,520.82,2024-03-22 23:20:00,11,SPY
1956.0,520.8308,520.83,520.83,520.83,520.83,2024-03-22 23:25:00,29,SPY
6233.0,520.8984,520.85,520.81,520.94,520.81,2024-03-22 23:30:00,49,SPY
143.0,520.899,520.89,520.89,520.89,520.89,2024-03-22 23:35:00,12,SPY
3040.0,520.8529,520.87,520.85,520.87,520.83,2024-03-22 23:40:00,33,SPY
2057.0,520.8294,520.88,520.8,520.89,520.8,2024-03-22 23:45:00,52,SPY
236.0,520.85,520.85,520.85,520.85,520.85,2024-03-22 23:50:00,14,SPY
5007.0,520.77,520.84,520.75,520.84,520.75,2024-03-22 23:55:00,182,SPY
